"GeneSymbol","Type","TotalGuides","HitsDown","HitsUp","MinFoldChange","MedianFoldChange","MaxFoldChange","rhoDepleted","pvalueDepleted","fdrDepleted","rhoEnriched","pvalueEnriched","fdrEnriched"
"PLK3","x",8,0,0,0.591,0.8535,1.158,0.000498976828128703,0.00176671035386632,0.545333333333333,1,1,1
"PRKCB","x",8,0,0,0.633,0.831,0.912,0.0005001328944609,0.00206553079947575,0.545333333333333,1,1,1
"CKS2","x",8,0,0,0.641,0.8085,1.125,0.000891490641965397,0.00350196592398427,0.545333333333333,1,1,1
"FGFRL1","x",8,0,0,0.621,0.8355,1.522,0.000930641637871718,0.00361205766710354,0.545333333333333,0.112827608441519,0.230626474442988,0.974341463414634
"PDGFRB","x",8,0,0,0.7,0.797,1.155,0.000977402851342567,0.00372739187418086,0.545333333333333,1,1,1
"CKS1B","x",8,0,0,0.696,0.806,1.186,0.00118864210009043,0.00429357798165138,0.545333333333333,1,1,1
"ACTR2","p",8,0,0,0.473,0.9365,1.202,0.00129084290533286,0.0058348623853211,0.545333333333333,0.765139256319443,0.7675124508519,0.984694805194805
"TAOK1","x",8,0,0,0.635,0.7875,1.178,0.00130378549316977,0.00587155963302752,0.545333333333333,1,1,1
"RPS6KA2","x",8,0,0,0.586,0.923,1.062,0.00160741814352699,0.00643250327653997,0.545333333333333,1,1,1
"GTF2H1","p",8,0,0,0.704,0.8425,1.275,0.00239956529310107,0.00911664482306684,0.668,0.334578568684217,0.469808650065531,0.974341463414634
"SRMS","x",8,0,0,0.48,0.9465,1.275,0.00258022758436415,0.0106684141546527,0.668,0.574816886509951,0.63859501965924,0.981518304431599
"RPS6KA5","x",8,0,0,0.593,0.857,1.295,0.00261063630499473,0.0107732634338139,0.668,0.250920862808359,0.390673656618611,0.974341463414634
"COASY","x",8,0,0,0.696,0.8215,1.122,0.00279669084593343,0.0113813892529489,0.668,1,1,1
"MAPK14","x",8,0,0,0.725,1.003,1.783,0.00363173743907634,0.0138610747051114,0.724148148148148,0.0102859919103169,0.0354705111402359,0.974341463414634
"EPHA10","x",8,0,0,0.48,0.837,1.197,0.00386815544930544,0.0156277850589777,0.724148148148148,0.777219432189065,0.778212319790301,0.984694805194805
"DCLK2","x",8,0,0,0.568,0.927,1.498,0.00401324431306486,0.0160943643512451,0.724148148148148,0.132408971686131,0.261667103538663,0.974341463414634
"GNE","x",8,0,0,0.655,0.8665,1.256,0.00458060042796062,0.0174993446920052,0.724148148148148,0.623519365766293,0.665939711664482,0.981518304431599
"BRDT","n",8,0,0,0.613,0.923,1.478,0.00476491585042277,0.0180760157273919,0.724148148148148,0.00449041326456766,0.017127129750983,0.974341463414634
"PRKAG3","x",8,0,0,0.517,1.0075,1.286,0.00515462791122847,0.0200996068152031,0.724148148148148,0.201225488422105,0.344068152031455,0.974341463414634
"PDK3","x",8,0,0,0.763,0.833,0.983,0.0052820794882498,0.0203774574049803,0.724148148148148,1,1,1
"EPHB1","x",8,0,0,0.639,0.872,1.047,0.00617911131922224,0.022175622542595,0.724148148148148,1,1,1
"PIK3CD","x",8,0,0,0.572,0.932,1.168,0.00632095558577245,0.0225425950196592,0.724148148148148,1,1,1
"MAPK15","x",8,0,0,0.547,0.901,1.351,0.00640002527587756,0.0226631716906946,0.724148148148148,0.125212170815498,0.250096985583224,0.974341463414634
"TPR","x",8,0,0,0.524,0.861,1.15,0.00643964638006577,0.0237955439056356,0.724148148148148,1,1,1
"STK32B","x",8,0,0,0.654,0.8865,1.101,0.00657853782163447,0.0241363040629096,0.724148148148148,1,1,1
"PAK2","x",8,0,0,0.676,1.016,1.566,0.00727151534035081,0.0256041939711664,0.724148148148148,0.035515402310926,0.099218872870249,0.974341463414634
"FASTKD1","x",8,0,0,0.723,0.8305,1.241,0.00728419545704356,0.0256251638269987,0.724148148148148,0.661305212682459,0.688996068152031,0.983861060329068
"NTRK1","x",8,0,0,0.526,1.059,1.463,0.00772321226461147,0.0275334207077326,0.727448275862069,0.17762416840369,0.321672346002621,0.974341463414634
"CSNK2A2","x",8,0,0,0.702,0.8655,1.348,0.00779533065324238,0.02764875491481,0.727448275862069,0.394905922463044,0.530988204456094,0.981518304431599
"LRPPRC","x",8,0,0,0.694,0.8225,1.075,0.0088030628802734,0.02956749672346,0.729935483870968,1,1,1
"SMG1","x",8,0,0,0.648,0.9525,1.127,0.00881010378646162,0.0296566186107471,0.729935483870968,1,1,1
"RAB11FIP5","x",8,0,0,0.654,0.946,1.691,0.0108389803065603,0.0356592398427261,0.775833333333333,0.0255413995192045,0.0745058977719528,0.974341463414634
"AMHR2","x",8,0,0,0.673,0.913,1.3,0.0110804671556606,0.0362044560943644,0.775833333333333,0.508335191291099,0.605903014416776,0.981518304431599
"ETNK2","x",8,0,0,0.653,0.8935,1.207,0.0115455744181031,0.0370327653997379,0.775833333333333,0.755894832818791,0.759575360419397,0.984694805194805
"FXN","x",8,0,0,0.55,0.877,1.049,0.0115652084833795,0.0381284403669725,0.775833333333333,1,1,1
"GALK2","x",8,0,0,0.682,0.887,1.478,0.0117062604132651,0.0384010484927916,0.775833333333333,0.157187559033326,0.299307994757536,0.974341463414634
"INSR","x",8,0,0,0.616,0.902,1.264,0.0118445993241885,0.0386841415465269,0.775833333333333,0.32997069851487,0.46559370904325,0.974341463414634
"NEK5","x",8,0,0,0.624,0.998,1.216,0.0120155812342482,0.0389462647444299,0.775833333333333,0.733211848384037,0.740754914809961,0.984694805194805
"BRD2","x",8,0,0,0.564,0.9305,1.426,0.0128429780959575,0.041478374836173,0.775833333333333,0.228877482272784,0.370123197903014,0.974341463414634
"BMPR2","x",8,0,0,0.606,0.9275,1.243,0.012851786924614,0.0406867627785059,0.775833333333333,0.610211202926307,0.634830930537353,0.981518304431599
"CERK","x",8,0,0,0.638,0.841,1.17,0.0132999685934149,0.0424272608125819,0.775833333333333,1,1,1
"CAMKK1","x",8,0,0,0.7,0.942,1.467,0.0139085247288421,0.0435019659239843,0.775833333333333,0.17263133673067,0.316933158584535,0.974341463414634
"PDPK1","x",8,0,0,0.566,0.9155,1.189,0.014119302151164,0.044959370904325,0.775833333333333,1,1,1
"CAMK1D","x",8,0,0,0.75,0.848,1.219,0.0153937600820153,0.0472555701179554,0.775833333333333,0.725390654196187,0.734825688073395,0.984694805194805
"EPHA8","x",8,0,0,0.694,0.8745,1.238,0.0153942463636274,0.0484508519003932,0.775833333333333,0.671681117716727,0.695680209698558,0.983861060329068
"PIK3C3","x",8,0,0,0.681,1.0075,1.322,0.0154724792830129,0.0486605504587156,0.775833333333333,0.358092420164555,0.493315858453473,0.976916030534351
"MAP3K7","x",8,0,0,0.635,0.889,1.642,0.0155221437082802,0.0487549148099607,0.775833333333333,0.0393443669843561,0.108094364351245,0.974341463414634
"PTK6","x",8,0,0,0.671,0.9375,1.36,0.015585015805957,0.0488073394495413,0.775833333333333,0.116153713220355,0.23529750982962,0.974341463414634
"ACVR1B","x",8,0,0,0.569,1.021,1.469,0.0166676191962454,0.0517693315858453,0.79672,0.0876816287397391,0.189688073394495,0.974341463414634
"CIB1","x",8,0,0,0.57,1.0385,1.171,0.0168292277171734,0.0522096985583224,0.79672,1,1,1
"HIPK1","x",8,0,0,0.569,0.9095,1.391,0.0179396149866793,0.0553971166448231,0.82878431372549,0.297073672501469,0.434794233289646,0.974341463414634
"TK1","x",8,0,0,0.672,1.011,1.212,0.0201702522526906,0.0604613368283093,0.875081967213115,0.74083743217001,0.74716120576671,0.984694805194805
"PHKB","x",8,0,0,0.724,0.852,1.062,0.0209270027105255,0.0627994757536042,0.875081967213115,1,1,1
"GRK5","x",8,0,0,0.674,1.048,1.358,0.0210427059219125,0.0630196592398427,0.875081967213115,0.377207868362155,0.512749672346003,0.97982
"CROT","x",8,0,0,0.781,0.8575,1.198,0.0214242266185301,0.0634547837483617,0.875081967213115,0.775827058087992,0.776990825688073,0.984694805194805
"MASTL","p",8,0,0,0.576,0.9565,1.1,0.0217469682091398,0.0650904325032765,0.875081967213115,1,1,1
"CDK9","p",8,0,0,0.689,0.94,1.703,0.022608040667507,0.066437745740498,0.875081967213115,0.0230132125547468,0.0679528178243775,0.974341463414634
"MAP2K7","x",8,0,0,0.584,0.9475,1.27,0.0230132125547468,0.0678741808650066,0.875081967213115,0.58449691101805,0.643685452162516,0.981518304431599
"PAPSS1","x",8,0,0,0.714,0.8825,1.232,0.0233969931439489,0.0686395806028834,0.875081967213115,0.688357035698421,0.70694626474443,0.984306569343066
"ETNK1","x",8,0,0,0.653,0.8495,1.2,0.0239883011718652,0.0697195281782438,0.875081967213115,0.770181119086013,0.771952817824377,0.984694805194805
"PRKD2","x",8,0,0,0.701,0.857,1.187,0.0241665543101691,0.0699606815203146,0.875081967213115,1,1,1
"BMPR1B","x",8,0,0,0.67,0.9295,1.163,0.0244562053905272,0.0715124508519004,0.880064516129032,1,1,1
"PKMYT1","p",8,0,0,0.59,0.9145,1.13,0.025388473216499,0.073127129750983,0.885650793650794,1,1,1
"ACVR2A","x",8,0,0,0.691,0.857,1.077,0.0262082778020901,0.0757693315858454,0.898156862745098,1,1,1
"ARSG","x",8,0,0,0.816,0.871,1.013,0.0266665664713859,0.0767024901703801,0.898156862745098,1,1,1
"IP6K2","x",8,0,0,0.695,0.848,1.101,0.0268513379624703,0.0777771952817824,0.898156862745098,1,1,1
"STK16","x",8,0,0,0.696,0.9545,1.297,0.0277401855352804,0.0793342070773263,0.898156862745098,0.51660116641435,0.609609436435125,0.981518304431599
"CDK12","x",8,0,0,0.717,0.878,1.12,0.02903650812698,0.082699868938401,0.898156862745098,1,1,1
"PRKDC","x",8,0,0,0.594,0.9445,1.275,0.0293229465260931,0.0841415465268676,0.898156862745098,0.574205387304344,0.638238532110092,0.981518304431599
"SGK494","x",8,0,0,0.633,0.9525,1.279,0.0303685990600555,0.0861441677588467,0.898156862745098,0.56804794174104,0.634825688073394,0.981518304431599
"SPEG","x",8,0,0,0.716,0.965,1.303,0.0304935760794615,0.0862647444298821,0.898156862745098,0.497121641697545,0.600744429882045,0.981518304431599
"DMPK","x",8,0,0,0.596,1.0225,1.347,0.0305806055037831,0.0873132372214941,0.898156862745098,0.28239020903282,0.420634338138925,0.974341463414634
"MST1R","x",8,0,0,0.597,1.022,1.291,0.0318368384489463,0.0905897771952818,0.898156862745098,0.537394697879446,0.619868938401049,0.981518304431599
"CALM3","x",8,0,0,0.701,0.8455,1.233,0.0320711942256571,0.0911821756225426,0.898156862745098,0.684612215030332,0.704387942332896,0.983861060329068
"EIF2AK2","x",8,0,0,0.724,1.0795,1.486,0.0323628678619369,0.091653997378768,0.898156862745098,0.14149212626354,0.276440366972477,0.974341463414634
"FGFR4","x",8,0,0,0.631,0.9815,1.481,0.0329506816647339,0.0924770642201835,0.898156862745098,0.0413826536209579,0.111570117955439,0.974341463414634
"MAP3K15","x",8,0,0,0.599,1.088,1.404,0.0330916467477625,0.0935989515072084,0.898156862745098,0.126976368349182,0.253032765399738,0.974341463414634
"PMVK","x",8,0,0,0.797,0.8625,1.047,0.0334247724714661,0.0942175622542595,0.898156862745098,1,1,1
"CKB","x",8,0,0,0.747,0.877,1.253,0.0342950533271496,0.0953709043250328,0.898156862745098,0.633832330501739,0.671711664482307,0.981988527724665
"UCK2","x",8,0,0,0.777,0.882,1.17,0.0349403735744352,0.0971480996068152,0.898156862745098,1,1,1
"MAP3K1","x",8,0,0,0.703,0.843,1.113,0.0352707730407098,0.0976618610747051,0.898156862745098,1,1,1
"GCK","x",8,0,0,0.713,0.9105,1.643,0.035515402310926,0.0981389252948886,0.898156862745098,0.0380966611638603,0.10570380078637,0.974341463414634
"RFK","p",8,0,0,0.611,0.9815,1.446,0.0355969949454583,0.0991402359108781,0.898156862745098,0.102494567123197,0.214851900393185,0.974341463414634
"SGK2","x",8,0,0,0.611,1.0195,1.303,0.036847537611085,0.101840104849279,0.898156862745098,0.255971889962683,0.395633027522936,0.974341463414634
"MAPKAPK2","x",8,0,0,0.639,1.0845,1.225,0.0376503419819868,0.102720838794233,0.898156862745098,0.129048339793802,0.256225425950197,0.974341463414634
"TRIM33","x",8,0,0,0.65,0.9545,1.132,0.0382151911180543,0.104256880733945,0.898156862745098,1,1,1
"SLAMF6","x",8,0,0,0.711,0.864,1.472,0.0384989013383505,0.104450851900393,0.898156862745098,0.163836932765269,0.307627785058978,0.974341463414634
"NAGK","x",8,0,0,0.655,0.978,1.238,0.0387834659078606,0.104828309305374,0.898156862745098,0.669726480734986,0.694317169069463,0.983861060329068
"CDK3","x",8,0,0,0.76,0.9675,1.138,0.0401490851232418,0.100251638269987,0.898156862745098,1,1,1
"UCKL1","x",8,0,0,0.617,0.959,1.253,0.0405906564520245,0.108954128440367,0.898156862745098,0.635437886394229,0.67272870249017,0.981988527724665
"ABL1","x",8,0,0,0.618,1.066,1.425,0.0418355309451993,0.111024901703801,0.898156862745098,0.02636643654727,0.0759895150720839,0.974341463414634
"NOL9","p",8,0,0,0.708,0.9195,1.065,0.0419694757909915,0.11116120576671,0.898156862745098,1,1,1
"STK25","x",8,0,0,0.727,0.8765,1.17,0.0419755518186455,0.111229357798165,0.898156862745098,1,1,1
"EPHA3","x",8,0,0,0.62,0.938,1.041,0.0430789918410963,0.113169069462647,0.898156862745098,1,1,1
"PRPF4B","x",8,0,0,0.668,0.899,1.118,0.0440493858142521,0.114422018348624,0.898156862745098,1,1,1
"DYRK4","x",8,0,0,0.767,0.9675,1.332,0.0442037446870362,0.114505897771953,0.898156862745098,0.433715462241004,0.56802621231979,0.981518304431599
"PRKAA2","x",8,0,0,0.688,1.0125,1.41,0.0452534073095163,0.116340760157274,0.898156862745098,0.0553625332875046,0.135376146788991,0.974341463414634
"PKD2","x",8,0,0,0.731,1.0115,1.18,0.0455143617154096,0.110201834862385,0.898156862745098,1,1,1
"GAK","x",8,0,0,0.622,1.213,1.491,0.0455616783443337,0.117735255570118,0.898156862745098,0.00845775346535614,0.0298610747051114,0.974341463414634
"WNK4","x",8,0,0,0.683,0.8925,1.356,0.04631648986842,0.118495412844037,0.898156862745098,0.381462259887613,0.516870249017038,0.981118811881188
"INSRR","n",8,0,0,0.623,1.0345,1.712,0.0468009067005223,0.119879423328965,0.898156862745098,0.0192101708208612,0.0586841415465269,0.974341463414634
"PIP4K2B","x",8,0,0,0.722,0.9535,1.505,0.0470326621940533,0.120068152031455,0.898156862745098,0.00943488674801024,0.032870249017038,0.974341463414634
"MATK","x",8,0,0,0.623,1.035,1.253,0.0480387269571306,0.122201834862385,0.901836065573771,0.631681966697058,0.670579292267366,0.981988527724665
"PKM","x",8,0,0,0.624,1.0675,1.219,0.0492751404857955,0.124393184796855,0.901836065573771,0.387068087484203,0.522731323722149,0.981518304431599
"SRC","x",8,0,0,0.672,0.932,1.085,0.0495796032217801,0.124665792922674,0.901836065573771,1,1,1
"TRIB1","x",8,0,0,0.694,0.892,1.121,0.0514797314215325,0.127732634338139,0.901836065573771,1,1,1
"MYO3B","x",8,0,0,0.625,0.97,1.417,0.0517437528402744,0.128587155963303,0.901836065573771,0.250220315696109,0.390207077326343,0.974341463414634
"PFKFB2","x",8,0,0,0.7,0.947,1.312,0.0521192737336465,0.129074705111402,0.901836065573771,0.47549180241721,0.590065530799476,0.981518304431599
"MEX3B","x",8,0,0,0.625,1.067,1.383,0.0529759544037968,0.130663171690695,0.901836065573771,0.179527336389276,0.323633027522936,0.974341463414634
"MAGI1","x",8,0,0,0.67,0.9255,1.389,0.0537457601186137,0.131612057667104,0.901836065573771,0.299914970893625,0.437357798165138,0.974341463414634
"DTYMK","p",8,0,0,0.63,1.003,1.258,0.0542067547147939,0.132723460026212,0.901836065573771,0.616875758100859,0.662222804718218,0.981518304431599
"CDC42BPB","x",8,0,0,0.63,1.079,1.261,0.0554361551393416,0.134699868938401,0.901836065573771,0.220896770765863,0.362836173001311,0.974341463414634
"NEK6","x",8,0,0,0.723,0.9575,1.353,0.0554990279190935,0.134820445609436,0.901836065573771,0.272203103366737,0.410841415465269,0.974341463414634
"TRIM24","x",8,0,0,0.63,0.934,1.258,0.0566641570424059,0.136665792922674,0.901836065573771,0.616317522347869,0.661950196592398,0.981518304431599
"MAPK11","x",8,0,0,0.631,0.932,1.192,0.0578907617878433,0.138893840104849,0.901836065573771,0.788088743772917,0.787412844036697,0.984694805194805
"PTK2","x",8,0,0,0.706,1.0345,1.209,0.058010874907894,0.139082568807339,0.901836065573771,0.74633357403834,0.751549148099607,0.984694805194805
"RIPK4","x",8,0,0,0.681,0.938,1.41,0.0584874609759483,0.139695937090433,0.901836065573771,0.261192203056035,0.400707732634338,0.974341463414634
"NEK4","x",8,0,0,0.764,0.9635,1.429,0.0588921658711314,0.14,0.901836065573771,0.222682723162547,0.364314547837484,0.974341463414634
"LTK","x",8,0,0,0.631,0.97,1.43,0.059115970738402,0.141237221494102,0.901836065573771,0.22164604110737,0.36346002621232,0.974341463414634
"CSNK2B","x",8,0,0,0.725,0.908,1.468,0.0600278351069564,0.142275229357798,0.901836065573771,0.17044035841103,0.314673656618611,0.974341463414634
"KHK","x",8,0,0,0.661,0.8885,1.569,0.0603665207122713,0.143391874180865,0.901836065573771,0.00522170063421282,0.0204718217562254,0.974341463414634
"TWF1","x",8,0,0,0.695,0.884,1.205,0.061144236822971,0.144199213630406,0.901836065573771,0.760000873514074,0.763150720838794,0.984694805194805
"PDK2","x",8,0,0,0.672,0.891,1.212,0.0621825283588055,0.146133682830931,0.90650406504065,0.740440893938247,0.746836173001311,0.984694805194805
"TRPM6","x",8,0,0,0.633,0.9515,1.455,0.0627832364316736,0.14746002621232,0.906707692307692,0.187826925837266,0.331653997378768,0.974341463414634
"ADRBK2","x",8,0,0,0.653,0.9955,1.415,0.0644861065718467,0.150180865006553,0.906707692307692,0.0704925720279087,0.161127129750983,0.974341463414634
"BTK","x",8,0,0,0.634,1.013,1.166,0.0652211261866901,0.151774574049803,0.906707692307692,1,1,1
"MAP2K1","x",8,0,0,0.646,0.9475,1.106,0.0655317487150422,0.152099606815203,0.906707692307692,1,1,1
"TRIM28","x",8,0,0,0.649,0.946,1.078,0.0657807972702198,0.152330275229358,0.906707692307692,1,1,1
"PI4K2A","x",8,0,0,0.743,0.9335,1.486,0.0668590614096517,0.154290956749672,0.906707692307692,0.144876793638761,0.281698558322412,0.974341463414634
"ITK","x",8,0,0,0.666,1.086,1.483,0.0669355717991928,0.154484927916121,0.906707692307692,0.0422641325915128,0.113231979030144,0.974341463414634
"CDK16","x",8,0,0,0.778,0.9285,1.193,0.0683838022703862,0.15689121887287,0.913801526717557,0.786086841355378,0.786380078636959,0.984694805194805
"NTRK2","x",8,0,0,0.711,0.962,1.27,0.0697047720024551,0.159009174311927,0.916776978417266,0.330994788907742,0.466532110091743,0.974341463414634
"CSNK1A1","x",8,0,0,0.767,1.034,1.365,0.0712622422745202,0.161577981651376,0.916776978417266,0.322800790734567,0.459082568807339,0.974341463414634
"PIK3C2A","x",8,0,0,0.639,1.054,1.245,0.0712915905390661,0.162259501965924,0.916776978417266,0.652184362409226,0.683182175622543,0.983861060329068
"WEE2","x",8,0,0,0.741,1.038,1.359,0.0722960568124193,0.163339449541284,0.916776978417266,0.372927894290455,0.508723460026212,0.97982
"PBK","x",8,0,0,0.777,0.899,1.16,0.0728372507367397,0.164749672346003,0.916776978417266,1,1,1
"CSNK2A1","x",8,0,0,0.639,0.947,1.224,0.0737101006748419,0.166065530799476,0.916776978417266,0.710019792022388,0.722684141546527,0.984694805194805
"PFKFB1","x",8,0,0,0.66,1.0735,1.386,0.0741158981180129,0.166626474442988,0.916776978417266,0.120561349817173,0.242584534731324,0.974341463414634
"CDK2","x",8,0,0,0.726,1.021,1.229,0.0744818095105847,0.167014416775885,0.916776978417266,0.325873822132405,0.461766710353866,0.974341463414634
"DDR2","x",8,0,0,0.661,0.904,1.161,0.0755778871382425,0.168660550458716,0.9192,1,1,1
"PIK3R3","x",8,0,0,0.64,1.0225,1.483,0.077327532896236,0.172125819134993,0.922709677419355,0.134821552546207,0.265441677588467,0.974341463414634
"VRK1","x",8,0,0,0.773,0.903,1.132,0.0786044810317659,0.174705111402359,0.922709677419355,1,1,1
"CDKL1","x",8,0,0,0.763,1.0285,1.477,0.0788397638486969,0.174836173001311,0.922709677419355,0.15829899042956,0.300571428571429,0.974341463414634
"ULK2","x",8,0,0,0.673,0.954,1.322,0.079296578238979,0.175302752293578,0.922709677419355,0.316654470736142,0.45302752293578,0.974341463414634
"FASTKD2","x",8,0,0,0.642,1.0135,1.076,0.0797322814280616,0.176545216251638,0.922709677419355,1,1,1
"STK4","x",8,0,0,0.643,0.959,1.303,0.0809325978412822,0.178469200524246,0.922709677419355,0.496413424777849,0.600429882044561,0.981518304431599
"CASK","x",8,0,0,0.643,1.035,1.101,0.082131544142169,0.18037745740498,0.922709677419355,1,1,1
"ZAP70","x",8,0,0,0.65,0.914,1.638,0.082311896971166,0.180707732634338,0.922709677419355,0.0405906564520245,0.110684141546527,0.974341463414634
"CDK1","p",8,0,0,0.688,0.935,1.476,0.0830718294390326,0.181436435124509,0.922709677419355,0.160518006488999,0.303501965923984,0.974341463414634
"SGK3","x",8,0,0,0.643,0.9515,1.45,0.08332912167145,0.182285714285714,0.922709677419355,0.196400008324873,0.339921363040629,0.974341463414634
"PRKCH","x",8,0,0,0.644,0.97,1.162,0.0845253317687596,0.184283093053735,0.922709677419355,1,1,1
"GSAP","x",8,0,0,0.653,1.038,1.297,0.0849821896998674,0.184922673656619,0.922709677419355,0.515917010725063,0.609294888597641,0.981518304431599
"NME8","x",8,0,0,0.645,1.037,1.319,0.0857201757726395,0.186138925294889,0.922709677419355,0.107362070424334,0.222369593709043,0.974341463414634
"EIF2AK4","x",8,0,0,0.687,0.978,1.435,0.0865211948569053,0.187019659239843,0.922709677419355,0.21435533115546,0.356602883355177,0.974341463414634
"RIPK3","x",8,0,0,0.723,1.0145,1.402,0.0869074204071154,0.187444298820446,0.922709677419355,0.144218931726115,0.280498034076016,0.974341463414634
"PGK1","p",8,0,0,0.649,0.9735,1.227,0.087790537579369,0.189038007863696,0.923189873417722,0.702503321535243,0.716954128440367,0.984694805194805
"SCYL2","x",8,0,0,0.647,0.976,1.091,0.0881057708488169,0.19008125819135,0.923189873417722,1,1,1
"ATM","x",8,0,0,0.724,0.988,1.386,0.0892866048213862,0.191171690694626,0.923189873417722,0.251930158077558,0.391664482306684,0.974341463414634
"GRK6","x",8,0,0,0.704,0.9165,1.005,0.0927702165879751,0.196828309305374,0.929132947976879,1,1,1
"EPHA7","x",8,0,0,0.649,1.021,1.339,0.0928606266547157,0.197598951507208,0.929132947976879,0.0910475668230433,0.195695937090433,0.974341463414634
"ERN1","x",8,0,0,0.653,0.954,1.375,0.0932349102335345,0.196833551769332,0.929132947976879,0.297748827327376,0.425882044560944,0.974341463414634
"SH3BP5L","x",8,0,0,0.678,1.0715,1.636,0.0939581071751524,0.198788990825688,0.929132947976879,0.0443210405158138,0.116906946264744,0.974341463414634
"PRKCA","x",8,0,0,0.672,0.895,1.382,0.095151003461493,0.200744429882045,0.929132947976879,0.0683502971755206,0.157211009174312,0.974341463414634
"ROCK1","x",8,0,0,0.651,1.058,1.488,0.0975937743720552,0.205310615989515,0.929132947976879,0.139229174342437,0.272749672346003,0.974341463414634
"CAMKK2","x",8,0,0,0.655,1.0095,1.692,0.098356194635185,0.206196592398427,0.929132947976879,0.024278022527124,0.0712503276539974,0.974341463414634
"CLK4","x",8,0,0,0.709,0.9455,1.142,0.0987592823614362,0.20656880733945,0.929132947976879,1,1,1
"MAP3K14","x",8,0,0,0.651,1.055,1.232,0.0987736793801356,0.207218872870249,0.929132947976879,0.34225433067833,0.47743119266055,0.976127659574468
"MARK4","x",8,0,0,0.796,0.875,1.442,0.0995722830115695,0.208052424639581,0.929132947976879,0.209111163900358,0.352010484927916,0.974341463414634
"EPHB6","x",8,0,0,0.769,0.945,1.372,0.0998362927240238,0.208209698558322,0.929132947976879,0.338651225376967,0.473777195281782,0.976127659574468
"CDK7","p",8,0,0,0.651,0.9915,1.135,0.0999522342723087,0.20889121887287,0.929132947976879,1,1,1
"CIT","x",8,0,0,0.789,0.879,1.312,0.100100633751022,0.209195281782438,0.929132947976879,0.476958700821206,0.590678899082569,0.981518304431599
"MAP3K4","x",8,0,0,0.736,0.98,1.427,0.100782736544041,0.209787680209699,0.929132947976879,0.226817379906834,0.368036697247706,0.974341463414634
"DGKI","x",8,0,0,0.651,0.9165,1.523,0.101129440372975,0.210668414154653,0.929132947976879,0.111663817651775,0.228791612057667,0.974341463414634
"ANKK1","x",8,0,0,0.748,0.942,1.461,0.102227256564928,0.211984272608126,0.929563218390805,0.18025993976497,0.324419397116645,0.974341463414634
"HIPK2","x",8,0,0,0.652,0.987,1.571,0.103479811491974,0.214558322411533,0.930621468926554,0.0737101006748419,0.166951507208388,0.974341463414634
"TTK","x",8,0,0,0.718,0.9195,1.071,0.104458111139889,0.215706422018349,0.930621468926554,1,1,1
"LIMK2","x",8,0,0,0.766,0.8585,1.287,0.104644856628373,0.215884665792923,0.930621468926554,0.545878890038797,0.623931847968545,0.981518304431599
"NonTargetingControlGuideForHuman","x",100,0,0,0.543,1.0115,1.588,0.106917663488923,0.416041939711664,0.995085299455535,0.052443191574178,0.258212319790301,0.974341463414634
"FPGT","x",8,0,0,0.792,0.9325,1.304,0.107362070424334,0.220807339449541,0.946494382022472,0.415257617882277,0.55127129750983,0.981518304431599
"IPPK","x",8,0,0,0.741,0.9915,1.175,0.109840191089358,0.224608125819135,0.954244444444444,1,1,1
"CDK18","x",8,0,0,0.717,0.9685,1.2,0.110388353824713,0.225116644823067,0.954244444444444,0.435169613091846,0.568975098296199,0.981518304431599
"PLXNA4","x",8,0,0,0.76,0.983,1.379,0.113193917256179,0.230306684141547,0.970850828729282,0.151948739037794,0.292576671035387,0.974341463414634
"EIF2AK3","x",8,0,0,0.805,0.892,1.379,0.115706611029466,0.233913499344692,0.977478260869565,0.140618666885239,0.275114023591088,0.974341463414634
"ADCK2","x",8,0,0,0.656,1.0195,1.448,0.116310980289006,0.235365661861075,0.977478260869565,0.199594438925375,0.342673656618611,0.974341463414634
"PINK1","x",8,0,0,0.717,1.033,1.336,0.116578434885182,0.235722149410223,0.977478260869565,0.157929105302168,0.300062909567497,0.974341463414634
"DGUOK","x",8,0,0,0.656,1.027,1.82,0.118626574186983,0.238888597640891,0.985254054054054,0.00772321226461147,0.0285976408912189,0.974341463414634
"PANK4","x",8,0,0,0.658,1.0625,1.517,0.12093685709235,0.242495412844037,0.992385026737968,0.0230642010056362,0.068178243774574,0.974341463414634
"PLK5","x",8,0,0,0.765,1.006,1.28,0.121711228874923,0.243218872870249,0.992385026737968,0.564940106643836,0.633148099606815,0.981518304431599
"PLXNA3","x",8,0,0,0.722,0.984,1.329,0.124302125416194,0.247250327653997,0.995085299455535,0.439189129261996,0.571748361730013,0.981518304431599
"CMPK1","p",8,0,0,0.66,1.024,1.938,0.124392346181754,0.248094364351245,0.995085299455535,0.00258022758436415,0.0106526867627785,0.974341463414634
"PAK4","x",8,0,0,0.802,0.917,1.399,0.124919200240505,0.248733944954128,0.995085299455535,0.277872473808605,0.416356487549148,0.974341463414634
"PRKD1","x",8,0,0,0.806,0.88,1.13,0.126681578239531,0.251019659239843,0.995085299455535,1,1,1
"MAP3K19","x",8,0,0,0.739,1.0315,1.592,0.12727146056975,0.252293577981651,0.995085299455535,0.0311454185776954,0.0884718217562254,0.974341463414634
"PKN2","x",8,0,0,0.664,0.9175,1.204,0.128981173831285,0.255176933158585,0.995085299455535,0.76184718917391,0.764707732634338,0.984694805194805
"CDC42BPG","x",8,0,0,0.787,0.932,0.978,0.130537320020752,0.257871559633028,0.995085299455535,1,1,1
"PTK7","x",8,0,0,0.666,0.945,1.28,0.131267686272678,0.259056356487549,0.995085299455535,0.563066029361005,0.632146788990826,0.981518304431599
"MELK","x",8,0,0,0.741,0.9285,1.173,0.131728298372275,0.259685452162516,0.995085299455535,1,1,1
"PI4KB","x",8,0,0,0.671,0.9405,1.368,0.131733872651548,0.259847968545216,0.995085299455535,0.345812970249188,0.480712975098296,0.976127659574468
"STK35","x",8,0,0,0.666,1.052,1.362,0.132408971686131,0.260975098296199,0.995085299455535,0.0849821896998674,0.18519003931848,0.974341463414634
"ZAK","x",8,0,0,0.667,0.96,1.252,0.134687607370293,0.264587155963303,0.995085299455535,0.638630528408082,0.674668414154653,0.982389312977099
"NTPCR","x",8,0,0,0.667,1.0335,1.191,0.135824960226507,0.266463958060288,0.995085299455535,1,1,1
"MTOR","x",8,0,0,0.731,0.933,1,0.135959061254662,0.266663171690695,0.995085299455535,1,1,1
"IKBKE","x",8,0,0,0.667,0.876,1.264,0.136961004814047,0.268414154652687,0.995085299455535,0.599236047920432,0.652414154652687,0.981518304431599
"AKT1","x",8,0,0,0.757,0.915,1.364,0.138399214505138,0.270605504587156,0.995085299455535,0.0786044810317659,0.174925294888598,0.974341463414634
"JAK2","x",8,0,0,0.668,1.0585,1.361,0.139229174342437,0.271790301441678,0.995085299455535,0.0772001778762571,0.171979030144168,0.974341463414634
"IPMK","x",8,0,0,0.721,0.935,1.354,0.140618666885239,0.273913499344692,0.995085299455535,0.384002669775336,0.519491480996068,0.981118811881188
"PI4K2B","x",8,0,0,0.669,0.876,1.161,0.14149212626354,0.275124508519004,0.995085299455535,1,1,1
"NEK2","x",8,0,0,0.73,1.007,1.286,0.141516431766725,0.27529750982962,0.995085299455535,0.550390657130603,0.625908256880734,0.981518304431599
"PRKAB2","x",8,0,0,0.671,0.928,1.407,0.146002418431502,0.280854521625164,0.995085299455535,0.101189019163947,0.212692005242464,0.974341463414634
"MAPK10","x",8,0,0,0.766,1.065,1.472,0.147843328192446,0.282899082568807,0.995085299455535,0.147843328192446,0.285903014416776,0.974341463414634
"PDIK1L","x",8,0,0,0.773,1.0875,1.29,0.150120515806348,0.286117955439056,0.995085299455535,0.538708916616421,0.620471821756225,0.981518304431599
"TBCK","x",8,0,0,0.673,0.952,1.112,0.152728981357703,0.289195281782438,0.995085299455535,1,1,1
"MAP3K8","x",8,0,0,0.732,1.0735,1.226,0.156082803065233,0.293158584534731,0.995085299455535,0.704731542145908,0.718694626474443,0.984694805194805
"STK17B","x",8,0,0,0.769,1.0145,1.267,0.159317367818696,0.296503276539974,0.995085299455535,0.207092582943206,0.349992136304063,0.974341463414634
"GSK3B","x",8,0,0,0.753,0.9845,1.22,0.159544874344661,0.297158584534731,0.995085299455535,0.722037967333078,0.732083879423329,0.984694805194805
"MAST4","x",8,0,0,0.679,0.949,1.121,0.159869771211648,0.297536041939712,0.995085299455535,1,1,1
"MUSK","x",8,0,0,0.782,1.054,1.244,0.160520358973268,0.298422018348624,0.995085299455535,0.394650163183156,0.530605504587156,0.981518304431599
"CAMK2B","x",8,0,0,0.738,0.9055,1.337,0.161173030983719,0.29878374836173,0.995085299455535,0.421028350523677,0.557515072083879,0.981518304431599
"PIKFYVE","x",8,0,0,0.757,0.952,1.186,0.162568217116599,0.300167758846658,0.995085299455535,1,1,1
"TKFC","x",8,0,0,0.678,0.935,1.21,0.162731902026002,0.300796854521625,0.995085299455535,0.743990702451961,0.749546526867628,0.984694805194805
"MYLK3","x",8,0,0,0.717,0.939,1.227,0.163499959044272,0.30124246395806,0.995085299455535,0.701159338785773,0.715958060288336,0.984694805194805
"SNRK","x",8,0,0,0.776,1.1005,1.257,0.164899972595159,0.302526867627785,0.995085299455535,0.431700222078107,0.566584534731324,0.981518304431599
"ERBB3","x",8,0,0,0.754,1.028,1.213,0.165367278752886,0.303266055045872,0.995085299455535,0.390103412668799,0.52605504587156,0.981518304431599
"TAOK3","x",8,0,0,0.679,1.0105,1.47,0.166043166509554,0.303994757536042,0.995085299455535,0.166043166509554,0.309997378768021,0.974341463414634
"MAP3K6","x",8,0,0,0.679,1.1345,1.484,0.167144372041128,0.305169069462647,0.995085299455535,0.0346056466967732,0.0974416775884666,0.974341463414634
"CMPK2","x",8,0,0,0.681,1.0415,1.3,0.16824430502829,0.306395806028834,0.995085299455535,0.188626650504284,0.33202621231979,0.974341463414634
"NME2","x",8,0,0,0.681,0.9875,1.229,0.17044035841103,0.308466579292267,0.995085299455535,0.392630330422572,0.528697247706422,0.981518304431599
"FN3K","x",8,0,0,0.721,0.9505,1.219,0.172886186441332,0.310841415465269,0.995085299455535,0.724555817371786,0.734117955439056,0.984694805194805
"LATS2","x",8,0,0,0.682,0.935,1.184,0.173724925885058,0.311575360419397,0.995085299455535,0.806917845111209,0.794070773263434,0.984694805194805
"DGKZ","x",8,0,0,0.72,0.933,1.35,0.175725517727839,0.313368283093054,0.995085299455535,0.327922351453797,0.463842726081258,0.974341463414634
"PLK4","x",8,0,0,0.683,0.977,1.551,0.17590831046035,0.313834862385321,0.995085299455535,0.0881057708488169,0.190862385321101,0.974341463414634
"PKLR","x",8,0,0,0.686,0.9805,1.193,0.178086645082061,0.315633027522936,0.995085299455535,1,1,1
"ROCK2","x",8,0,0,0.775,1.014,1.358,0.179527336389276,0.316927916120577,0.995085299455535,0.161173030983719,0.303832241153342,0.974341463414634
"MOS","x",8,0,0,0.687,1.1005,1.611,0.18025993976497,0.317735255570118,0.995085299455535,0.05051014865704,0.127669724770642,0.974341463414634
"MINK1","x",8,0,0,0.693,0.9485,1.411,0.184783694824398,0.322091743119266,0.995085299455535,0.0498943529140894,0.126442988204456,0.974341463414634
"FGR","x",8,0,0,0.689,1.0065,1.18,0.187826925837266,0.325211009174312,0.995085299455535,1,1,1
"CDK4","x",8,0,0,0.695,0.92,1.143,0.189108176683013,0.326427260812582,0.995085299455535,1,1,1
"CLP1","p",8,0,0,0.692,1.033,1.208,0.192123417579929,0.329536041939712,0.995085299455535,0.750580150268635,0.755155963302752,0.984694805194805
"TWF2","x",8,0,0,0.694,1.093,1.402,0.195332722028902,0.332477064220183,0.995085299455535,0.27300106920767,0.411533420707733,0.974341463414634
"IRAK3","x",8,0,0,0.743,1.042,1.391,0.197331867070858,0.334207077326343,0.995085299455535,0.298021890995695,0.435664482306684,0.974341463414634
"COL4A3BP","x",8,0,0,0.695,0.941,1.535,0.198530865540813,0.335758846657929,0.995085299455535,0.0928606266547157,0.199072083879423,0.974341463414634
"CIB4","x",8,0,0,0.734,0.9845,1.383,0.200737990673553,0.33810747051114,0.995085299455535,0.311179926265518,0.448047182175623,0.974341463414634
"BMPR1A","x",8,0,0,0.745,0.9315,1.387,0.201225488422105,0.338280471821756,0.995085299455535,0.3055674353123,0.442720838794233,0.974341463414634
"PHKG1","x",8,0,0,0.758,0.9675,1.257,0.202689319295941,0.339475753604194,0.995085299455535,0.620210272849261,0.664,0.981518304431599
"ACVR1","x",8,0,0,0.757,0.997,1.255,0.20415513253594,0.341211009174312,0.995085299455535,0.626803203157943,0.667638269986894,0.981518304431599
"CSF1R","x",8,0,0,0.696,1.01,1.208,0.207004936532614,0.344036697247706,0.995085299455535,0.750963099776686,0.755580602883355,0.984694805194805
"CHEK1","p",8,0,0,0.779,0.8835,0.991,0.207793526230774,0.344644823066841,0.995085299455535,1,1,1
"PIK3R1","x",8,0,0,0.696,0.988,1.32,0.208058662898906,0.345169069462647,0.995085299455535,0.216443241712955,0.358133682830931,0.974341463414634
"IGFN1","x",8,0,0,0.711,0.988,1.358,0.208564158897899,0.345562254259502,0.995085299455535,0.133839253414173,0.263711664482307,0.974341463414634
"CSNK1E","x",8,0,0,0.697,1.012,1.413,0.209111163900358,0.346196592398427,0.995085299455535,0.126473366997136,0.251952817824377,0.974341463414634
"CKMT1B","x",8,0,0,0.699,0.9575,1.533,0.211212494694124,0.348193971166448,0.995085299455535,0.0940459453921098,0.20089121887287,0.974341463414634
"STK11","x",8,0,0,0.724,1.2215,1.731,0.213975620748564,0.350290956749672,0.995085299455535,0.00747795378140819,0.0267732634338139,0.974341463414634
"DLG3","x",8,0,0,0.7,0.911,1.295,0.21435533115546,0.350788990825688,0.995085299455535,0.524071226568371,0.61319003931848,0.981518304431599
"ROR1","x",8,0,0,0.749,1.111,1.489,0.215455618864063,0.352,0.995085299455535,0.0793113838722045,0.175680209698558,0.974341463414634
"ERBB2","x",8,0,0,0.724,0.964,1.447,0.216937337080158,0.353211009174312,0.995085299455535,0.200656777135691,0.343633027522936,0.974341463414634
"GRK4","x",8,0,0,0.756,1.0395,1.324,0.218420745846083,0.354322411533421,0.995085299455535,0.354009220131205,0.489446920052425,0.976916030534351
"SEPHS2","x",8,0,0,0.701,1.0725,1.152,0.218528732724721,0.354857142857143,0.995085299455535,1,1,1
"SBK1","x",8,0,0,0.743,0.976,1.1,0.220401203141609,0.356262123197903,0.995085299455535,1,1,1
"BAZ1B","x",8,0,0,0.701,0.968,1.029,0.220608149489149,0.356765399737877,0.995085299455535,1,1,1
"DCLK1","x",8,0,0,0.727,1.046,1.445,0.221392517550858,0.357142857142857,0.995085299455535,0.204893802814043,0.347727391874181,0.974341463414634
"TESK1","x",8,0,0,0.715,0.921,1.133,0.223377274793161,0.359024901703801,0.995085299455535,1,1,1
"PDK1","x",8,0,0,0.788,0.955,1.199,0.223873901268585,0.359769331585845,0.995085299455535,0.772666343224837,0.774060288335518,0.984694805194805
"MAPK9","x",8,0,0,0.778,0.9145,1.528,0.225364812799938,0.360912188728703,0.995085299455535,0.0061246296420541,0.0229252948885976,0.974341463414634
"PAK6","x",8,0,0,0.737,0.9725,1.173,0.225853814532736,0.347454783748362,0.995085299455535,1,1,1
"BRD4","x",8,0,0,0.703,1,1.53,0.226817379906834,0.362673656618611,0.995085299455535,0.0987736793801356,0.208550458715596,0.974341463414634
"DYRK1B","x",8,0,0,0.704,1.0895,1.34,0.227848032253506,0.363806028833552,0.995085299455535,0.114577472604705,0.233153342070773,0.974341463414634
"SRPK1","x",8,0,0,0.762,1.0415,1.189,0.228849490755523,0.364445609436435,0.995085299455535,0.797854372949099,0.792948885976409,0.984694805194805
"PANK2","x",8,0,0,0.704,0.9515,1.232,0.228877482272784,0.364959370904325,0.995085299455535,0.68602111115329,0.705336828309305,0.983861060329068
"PLAU","x",8,0,0,0.792,0.885,1.178,0.229846588146024,0.365425950196592,0.995085299455535,1,1,1
"EPHA2","x",8,0,0,0.704,0.9845,1.189,0.229905731167096,0.365903014416776,0.995085299455535,0.796254653153682,0.791853211009174,0.984694805194805
"HUS1","x",8,0,0,0.708,0.9445,1.203,0.236050068118418,0.371847968545216,0.995085299455535,0.762582228138228,0.765310615989515,0.984694805194805
"GUK1","p",8,0,0,0.714,0.932,1.091,0.23734465118263,0.37324246395806,0.995085299455535,1,1,1
"DLG1","x",8,0,0,0.709,0.97,1.235,0.23808862578367,0.374018348623853,0.995085299455535,0.678921157537206,0.700382699868938,0.983861060329068
"TLK2","x",8,0,0,0.749,1.0245,1.408,0.238346926080271,0.374233289646134,0.995085299455535,0.265147002952679,0.404372214941022,0.974341463414634
"NME1","x",16,0,0,0.765,1.001,1.249,0.238502713604697,0.461410222804718,0.995085299455535,0.621509743189871,0.784235910878113,0.984694805194805
"NMRK1","x",8,0,0,0.711,1.092,1.451,0.24113753764909,0.377106159895151,0.995085299455535,0.0514797314215325,0.128912188728702,0.974341463414634
"NME6","x",8,0,0,0.727,0.994,1.278,0.241357138965748,0.377342070773263,0.995085299455535,0.56866717225499,0.63516120576671,0.981518304431599
"RNASEL","x",8,0,0,0.78,1.019,1.68,0.246384970684547,0.382228047182176,0.995085299455535,0.0268033449227944,0.0776828309305373,0.974341463414634
"CCL2","x",8,0,0,0.712,0.893,1.144,0.247203350557157,0.383003931847969,0.995085299455535,1,1,1
"NME7","x",8,0,0,0.764,0.998,1.33,0.2483997005849,0.384125819134993,0.995085299455535,0.437629968836221,0.570547837483617,0.981518304431599
"STRADA","x",8,0,0,0.781,1.1045,1.654,0.249912038137512,0.385279161205767,0.995085299455535,0.00102829372044574,0.0039737876802097,0.974341463414634
"PFKM","x",8,0,0,0.782,1.0055,1.225,0.250416391160928,0.386091743119266,0.995085299455535,0.708705560450011,0.721709043250328,0.984694805194805
"MYO3A","x",8,0,0,0.713,0.982,1.497,0.251223616957762,0.386788990825688,0.995085299455535,0.133548944954241,0.263480996068152,0.974341463414634
"TTBK1","x",8,0,0,0.714,1.002,1.208,0.253226695888745,0.388985583224115,0.995085299455535,0.752870140631843,0.75700131061599,0.984694805194805
"CDK19","x",8,0,0,0.731,0.94,1.345,0.253950129322725,0.389525557011796,0.995085299455535,0.400706660570921,0.536807339449541,0.981518304431599
"DYRK1A","x",8,0,0,0.754,0.968,1.208,0.25496078982114,0.390574049803408,0.995085299455535,0.752108863258588,0.756393184796854,0.984694805194805
"ACVR1C","x",8,0,0,0.714,1.073,1.491,0.25522508455532,0.391082568807339,0.995085299455535,0.0477075519156018,0.122364351245085,0.974341463414634
"PRKCQ","x",8,0,0,0.714,1.049,1.333,0.256222522982764,0.392120576671035,0.995085299455535,0.131728298372275,0.260220183486239,0.974341463414634
"FUK","x",8,0,0,0.714,1.1565,1.395,0.257218792374108,0.393032765399738,0.995085299455535,0.132634404655658,0.261992136304063,0.974341463414634
"HCK","x",8,0,0,0.754,0.9465,1.232,0.259007751653739,0.394563564875491,0.995085299455535,0.685552092265915,0.705006553079948,0.983861060329068
"NEK7","x",8,0,0,0.8,0.9955,1.189,0.259514092115147,0.395376146788991,0.995085299455535,1,1,1
"ALPK3","x",8,0,0,0.715,0.99,1.189,0.260200598072773,0.396115334207077,0.995085299455535,0.797535311158396,0.79253997378768,0.984694805194805
"CDK20","x",8,0,0,0.787,0.924,1.236,0.261033717705633,0.396608125819135,0.995085299455535,0.676042083515215,0.698542595019659,0.983861060329068
"CDC7","x",8,0,0,0.715,1.041,1.486,0.261192203056035,0.397100917431193,0.995085299455535,0.142621648837999,0.278117955439056,0.974341463414634
"LCK","x",8,0,0,0.716,1.129,1.824,0.263171924673701,0.399066841415465,0.995085299455535,0.00643964638006577,0.0246343381389253,0.974341463414634
"STKLD1","x",8,0,0,0.789,0.9655,1.236,0.264075603090269,0.399612057667104,0.995085299455535,0.677004274513413,0.699150720838794,0.983861060329068
"TAB1","x",8,0,0,0.716,0.948,1.273,0.264160043646532,0.400041939711664,0.995085299455535,0.196846200549964,0.340083879423329,0.974341463414634
"KDR","x",8,0,0,0.717,0.914,1.364,0.267117447231002,0.402857142857143,0.995085299455535,0.354669658373155,0.490138925294889,0.976916030534351
"NLK","x",8,0,0,0.717,1.1415,1.231,0.268100934533771,0.403879423328965,0.995085299455535,0.383016063437597,0.518411533420708,0.981118811881188
"CAD","x",8,0,0,0.73,1.0055,1.332,0.272203103366737,0.408005242463958,0.995085299455535,0.432929706350436,0.567334207077326,0.981518304431599
"NMRK2","x",8,0,0,0.717,0.991,1.326,0.27300106920767,0.408697247706422,0.995085299455535,0.443843939746709,0.574401048492792,0.981518304431599
"PSKH1","x",8,0,0,0.718,0.986,1.128,0.273977643900789,0.409640891218873,0.995085299455535,1,1,1
"DAPK2","x",8,0,0,0.771,0.9365,1.119,0.274747227954676,0.410128440366972,0.995085299455535,1,1,1
"ULK4","x",8,0,0,0.773,1.002,1.286,0.275256277522578,0.410794233289646,0.995085299455535,0.54781733206887,0.624707732634338,0.981518304431599
"PDXK","x",8,0,0,0.718,1.1475,1.319,0.275927350315068,0.411543905635649,0.995085299455535,0.364720272282341,0.50018872870249,0.976916030534351
"AGK","x",8,0,0,0.719,1.07,1.324,0.282715292841551,0.417808650065531,0.995085299455535,0.447697088531916,0.576733944954128,0.981518304431599
"PRKCI","x",8,0,0,0.721,1.0355,1.363,0.286569063179249,0.421635648754915,0.995085299455535,0.0672882356213065,0.155344692005242,0.974341463414634
"AKT2","x",8,0,0,0.721,1.157,1.381,0.288489145298262,0.423433813892529,0.995085299455535,0.174422042697083,0.318663171690695,0.974341463414634
"CKMT2","x",8,0,0,0.721,1.0075,1.206,0.290404704257937,0.425677588466579,0.995085299455535,0.756270632098593,0.759895150720839,0.984694805194805
"SRPK2","x",8,0,0,0.787,1.137,1.449,0.292601495172827,0.427926605504587,0.995085299455535,0.0103079384373979,0.0354967234600262,0.974341463414634
"SCYL3","x",8,0,0,0.772,0.987,1.369,0.293112569980329,0.428199213630406,0.995085299455535,0.343135308923934,0.478123197903014,0.976127659574468
"MPP6","x",8,0,0,0.729,1.0345,1.531,0.295668563064659,0.431072083879423,0.995085299455535,0.0975937743720552,0.206579292267366,0.974341463414634
"AURKB","p",8,0,0,0.723,0.932,0.969,0.296124333465568,0.431528178243775,0.995085299455535,1,1,1
"TRIB2","x",8,0,0,0.742,0.9585,1.219,0.296179879627148,0.431758846657929,0.995085299455535,0.726223276181099,0.735412844036697,0.984694805194805
"MVK","p",8,0,0,0.814,0.952,1.152,0.298225511245784,0.43378243774574,0.995085299455535,1,1,1
"STK40","x",8,0,0,0.723,0.9475,1.11,0.30085983456219,0.436346002621232,0.995085299455535,1,1,1
"ULK1","x",8,0,0,0.785,0.9565,1.41,0.302830094208729,0.438212319790301,0.995085299455535,0.258213893903967,0.398034076015727,0.974341463414634
"PIK3CB","x",8,0,0,0.787,1.1505,1.377,0.303853649238201,0.439150720838794,0.995085299455535,0.119136556947834,0.240608125819135,0.974341463414634
"DOLK","p",8,0,0,0.724,0.9565,1.319,0.3055674353123,0.440786369593709,0.995085299455535,0.321264212143562,0.457525557011796,0.974341463414634
"CDK15","x",8,0,0,0.789,0.9965,1.507,0.305901053456084,0.441017038007864,0.995085299455535,0.125541531685833,0.250830930537353,0.974341463414634
"PLK2","x",8,0,0,0.771,0.98,1.417,0.306924889734868,0.442039318479685,0.995085299455535,0.249215838329968,0.389284403669725,0.974341463414634
"PKD1","x",8,0,0,0.724,0.936,1.075,0.307442695123191,0.442684141546527,0.995085299455535,1,1,1
"MAPK13","x",8,0,0,0.811,0.9435,1.143,0.308972798536118,0.443947575360419,0.995085299455535,1,1,1
"CSNK1G1","x",8,0,0,0.725,1.1115,1.551,0.309313522446513,0.444429882044561,0.995085299455535,0.0842162491852217,0.183633027522936,0.974341463414634
"STK38L","x",8,0,0,0.726,0.962,1.573,0.311179926265518,0.44629619921363,0.995085299455535,0.066211017674089,0.153452162516383,0.974341463414634
"BRD3","x",8,0,0,0.767,1.0305,1.264,0.312557264067421,0.447533420707733,0.995085299455535,0.596325382651299,0.650799475753604,0.981518304431599
"ABL2","x",8,0,0,0.726,1.0395,1.356,0.31304191554828,0.447979030144168,0.995085299455535,0.257489347729623,0.397252948885976,0.974341463414634
"GSG2","x",8,0,0,0.788,0.9685,1.301,0.313069382864864,0.448235910878113,0.995085299455535,0.502756074755586,0.60332372214941,0.981518304431599
"ATR","p",8,0,0,0.783,0.8935,1.255,0.315630121942547,0.45059501965924,0.995085299455535,0.625711386635139,0.667051114023591,0.981518304431599
"IKBKB","x",8,0,0,0.727,1.0965,1.285,0.317677633875395,0.45267627785059,0.995085299455535,0.213975620748564,0.356089121887287,0.974341463414634
"DGKB","x",8,0,0,0.74,0.948,1.223,0.319727618873055,0.454804718217562,0.995085299455535,0.716513433390972,0.727612057667104,0.984694805194805
"PDK4","x",8,0,0,0.808,1.0595,1.397,0.320239816992877,0.455066841415465,0.995085299455535,0.280781586273455,0.419051114023591,0.974341463414634
"CHKA","x",8,0,0,0.729,1.005,1.422,0.321366477129928,0.456545216251638,0.995085299455535,0.0651381829315929,0.151732634338139,0.974341463414634
"CDK14","x",8,0,0,0.748,1.0365,1.337,0.322800790734567,0.45775622542595,0.995085299455535,0.112893243073948,0.230815203145478,0.974341463414634
"ADCK3","x",8,0,0,0.729,1.125,1.464,0.323204346091396,0.458191349934469,0.995085299455535,0.0243397976033145,0.0712870249017038,0.974341463414634
"MARK3","x",8,0,0,0.81,1.098,1.417,0.323312976795563,0.458484927916121,0.995085299455535,0.199763670894456,0.342878112712975,0.974341463414634
"PGM2L1","x",8,0,0,0.729,0.934,1.245,0.32412164628874,0.459197903014417,0.995085299455535,0.654739235919083,0.684644823066841,0.983861060329068
"CAMK1","x",8,0,0,0.792,1.014,1.165,0.325873822132405,0.46072870249017,0.995085299455535,1,1,1
"NEK1","x",8,0,0,0.773,0.9535,1.138,0.327410234355423,0.462311926605505,0.995085299455535,1,1,1
"TLK1","x",8,0,0,0.73,1.2475,1.433,0.328691848706673,0.463659239842726,0.995085299455535,0.00288946318940454,0.0115072083879423,0.974341463414634
"STK39","x",8,0,0,0.789,0.9,1.096,0.328946550730524,0.463916120576671,0.995085299455535,1,1,1
"PFKFB3","x",8,0,0,0.73,1.1235,1.632,0.329602637208134,0.464697247706422,0.995085299455535,0.00149905722342013,0.00643250327653997,0.974341463414634
"EEF2K","x",8,0,0,0.785,1.053,1.321,0.32997069851487,0.464959370904325,0.995085299455535,0.455333371837884,0.580330275229358,0.981518304431599
"ITPKC","x",8,0,0,0.731,0.974,1.092,0.332328518587491,0.467334207077326,0.995085299455535,1,1,1
"AK9","x",8,0,0,0.731,1.1325,1.278,0.333234988005076,0.468346002621232,0.995085299455535,0.0595019733631321,0.142883355176933,0.974341463414634
"MAP4K1","x",8,0,0,0.789,1.0165,1.193,0.333554725292379,0.468566186107471,0.995085299455535,0.787423272259459,0.787019659239843,0.984694805194805
"MAK","x",8,0,0,0.758,1.066,1.606,0.336114175104355,0.471124508519004,0.995085299455535,0.0542067547147939,0.13410747051114,0.974341463414634
"NME9","x",8,0,0,0.789,0.901,1.318,0.336625998713122,0.471433813892529,0.995085299455535,0.394145349076261,0.530359108781127,0.981518304431599
"CSNK1A1L","x",8,0,0,0.767,0.972,1.24,0.337649573820537,0.472482306684142,0.995085299455535,0.666775433534385,0.692461336828309,0.983861060329068
"AURKA","x",8,0,0,0.731,0.9735,1.378,0.337751201664501,0.472980340760157,0.995085299455535,0.325952983653303,0.462117955439056,0.974341463414634
"SIK3","x",8,0,0,0.812,0.9275,1.18,0.34225433067833,0.477625163826999,0.995085299455535,1,1,1
"IP6K1","x",8,0,0,0.825,0.9795,1.438,0.342765821688067,0.477934469200524,0.995085299455535,0.212261326926589,0.354778505897772,0.974341463414634
"DGKD","x",8,0,0,0.81,0.97,1.361,0.346345314873555,0.481462647444299,0.995085299455535,0.367757970908171,0.503182175622543,0.976916030534351
"PAK7","x",8,0,0,0.786,1.07,1.335,0.348389936723321,0.483418086500655,0.995085299455535,0.397676990791318,0.533724770642202,0.981518304431599
"DAPK3","x",8,0,0,0.735,1.0405,1.19,0.34848107582256,0.48378505897772,0.995085299455535,1,1,1
"CAMK2A","x",8,0,0,0.814,0.977,1.665,0.348900994044302,0.483994757536042,0.995085299455535,0.0305806055037831,0.0873342070773263,0.974341463414634
"ATMIN","x",8,0,0,0.736,1.0815,1.396,0.349368325903409,0.484419397116645,0.995085299455535,0.0634467126641911,0.149184796854522,0.974341463414634
"CRKL","x",8,0,0,0.74,1.082,1.28,0.351455657532577,0.486684141546527,0.995085299455535,0.400700203963322,0.536450851900393,0.981518304431599
"PKN3","x",8,0,0,0.736,0.9365,1.566,0.352906762837237,0.487921363040629,0.995085299455535,0.077327532896236,0.17270249017038,0.974341463414634
"ERN2","x",8,0,0,0.736,1.0565,1.418,0.353788736618288,0.48889121887287,0.995085299455535,0.0443497945811324,0.117090432503277,0.974341463414634
"CAMK1G","x",8,0,0,0.757,0.945,1.241,0.354519793104976,0.489425950196592,0.995085299455535,0.663303406295503,0.690191349934469,0.983861060329068
"STK36","x",8,0,0,0.737,1.0375,1.338,0.354669658373155,0.489834862385321,0.995085299455535,0.333042774035177,0.4681625163827,0.974341463414634
"KSR2","x",8,0,0,0.809,0.922,1.195,0.356051220845307,0.49110878112713,0.995085299455535,0.780667312340774,0.781263433813893,0.984694805194805
"TGFBR2","x",8,0,0,0.776,0.9715,1.418,0.357582197794068,0.492660550458716,0.995085299455535,0.242151466468993,0.382563564875491,0.974341463414634
"BCKDK","x",8,0,0,0.773,0.9645,1.558,0.35860258979162,0.493483617300131,0.995085299455535,0.08332912167145,0.182657929226737,0.974341463414634
"CSK","x",8,0,0,0.738,0.977,1.152,0.359058524375058,0.493887287024902,0.995085299455535,1,1,1
"RPS6KB2","x",8,0,0,0.799,1.0295,1.607,0.359622768175438,0.494448230668414,0.995085299455535,0.0529759544037968,0.131832241153342,0.974341463414634
"MAPK12","x",8,0,0,0.738,1.003,1.364,0.362550790190586,0.497415465268676,0.995085299455535,0.298737006345927,0.43613630406291,0.974341463414634
"TK2","x",8,0,0,0.804,0.9585,1.292,0.362681969080563,0.497750982961992,0.995085299455535,0.225364812799938,0.366605504587156,0.974341463414634
"PIM1","x",8,0,0,0.763,0.9925,1.14,0.364210786706869,0.498825688073395,0.995085299455535,1,1,1
"PRKAG2","x",8,0,0,0.759,1.122,1.531,0.365229696632386,0.500267365661861,0.995085299455535,0.0273444741714703,0.0787418086500655,0.974341463414634
"AXL","x",8,0,0,0.739,1.0445,1.15,0.366026395035259,0.50100131061599,0.995085299455535,1,1,1
"MAPK6","x",8,0,0,0.77,0.975,1.241,0.366757595903298,0.501551769331586,0.995085299455535,0.662305602697809,0.689609436435125,0.983861060329068
"RIOK1","x",8,0,0,0.74,1.0245,1.104,0.366892700964429,0.501876802096986,0.995085299455535,1,1,1
"WNK2","x",8,0,0,0.741,1.0315,1.418,0.369485407086842,0.504435124508519,0.995085299455535,0.24113753764909,0.381488859764089,0.974341463414634
"TTBK2","x",8,0,0,0.741,0.953,1.265,0.371208712057145,0.505955439056357,0.995085299455535,0.300271687700462,0.437640891218873,0.974341463414634
"MAPK4","x",8,0,0,0.741,1.0835,1.294,0.372068817987029,0.506982961992136,0.995085299455535,0.277802599295061,0.415858453473132,0.974341463414634
"ACVRL1","x",8,0,0,0.806,0.934,1.319,0.372863280459538,0.507585845347313,0.995085299455535,0.46212687441436,0.583879423328965,0.981518304431599
"ITPKB","x",8,0,0,0.741,0.975,1.784,0.372927894290455,0.507989515072084,0.995085299455535,0.00900532697252203,0.0319003931847969,0.974341463414634
"UHMK1","x",8,0,0,0.824,0.9575,1.425,0.373371638591563,0.508256880733945,0.995085299455535,0.230932780137867,0.372115334207077,0.974341463414634
"TSSK3","x",8,0,0,0.741,0.9695,1.162,0.373785942024081,0.508608125819135,0.995085299455535,1,1,1
"LYN","x",8,0,0,0.757,0.8675,1.31,0.377435860105655,0.512450851900393,0.995085299455535,0.483515414500936,0.593934469200524,0.981518304431599
"DGKA","x",8,0,0,0.799,0.9055,1.16,0.379466144433057,0.514385321100917,0.995085299455535,1,1,1
"PIK3CA","x",8,0,0,0.778,0.9895,1.388,0.38048081287303,0.51529750982962,0.995085299455535,0.301803582218803,0.438935779816514,0.974341463414634
"PTK2B","x",8,0,0,0.742,1.039,1.194,0.380613421881443,0.515727391874181,0.995085299455535,0.784743064561667,0.784943643512451,0.984694805194805
"NME4","x",8,0,0,0.742,1.023,1.207,0.381462259887613,0.5163250327654,0.995085299455535,0.411752460826634,0.547868938401048,0.981518304431599
"EGFR","x",8,0,0,0.797,0.958,1.338,0.382002209744594,0.516980340760157,0.995085299455535,0.416206962297003,0.552309305373526,0.981518304431599
"NADK","x",8,0,0,0.742,0.9515,1.258,0.383156882788257,0.518233289646134,0.995085299455535,0.618546203633668,0.663061598951507,0.981518304431599
"PIP5K1A","x",8,0,0,0.743,1.011,1.287,0.3856912000478,0.520781127129751,0.995085299455535,0.233341415944926,0.374196592398427,0.974341463414634
"IRAK1","x",8,0,0,0.743,0.9545,1.139,0.387375679007272,0.522369593709043,0.995085299455535,1,1,1
"CKM","x",8,0,0,0.82,0.9535,1.724,0.389091998708642,0.524251638269987,0.995085299455535,0.0166676191962454,0.0523355176933159,0.974341463414634
"SBK3","x",8,0,0,0.743,0.9845,1.258,0.389894819462656,0.524901703800786,0.995085299455535,0.617433283048996,0.662479685452163,0.981518304431599
"AK1","x",8,0,0,0.804,1.017,1.529,0.391619843441088,0.526857142857143,0.995085299455535,0.0927702165879751,0.198301441677588,0.974341463414634
"PRKAR1A","x",8,0,0,0.82,0.9005,1.501,0.392630330422572,0.527858453473132,0.995085299455535,0.131267686272678,0.259680209698558,0.974341463414634
"PNKP","p",8,0,0,0.825,0.908,1.217,0.3931354321237,0.528120576671035,0.995085299455535,0.413255375677995,0.54943119266055,0.981518304431599
"GUCY2C","x",8,0,0,0.746,0.96,1.262,0.393640438532556,0.528817824377457,0.995085299455535,0.606146842379611,0.656225425950197,0.981518304431599
"EIF2AK1","x",8,0,0,0.785,0.9535,1.612,0.394145349076261,0.52954128440367,0.995085299455535,0.0492751404857955,0.125803407601573,0.974341463414634
"RP2","x",8,0,0,0.774,1.009,1.105,0.394650163183156,0.529840104849279,0.995085299455535,1,1,1
"MAP2K5","x",8,0,0,0.745,1.0035,1.605,0.394905922463044,0.530165137614679,0.995085299455535,0.0566641570424059,0.13805504587156,0.974341463414634
"XYLB","x",8,0,0,0.745,0.964,1.281,0.395737595320981,0.531040629095675,0.995085299455535,0.341742808058332,0.47683879423329,0.976127659574468
"PASK","x",8,0,0,0.763,0.947,1.543,0.397676990791318,0.532823066841415,0.995085299455535,0.00557717384087898,0.0214521625163827,0.974341463414634
"TXK","x",8,0,0,0.767,1.017,1.244,0.398181113935856,0.533163826998689,0.995085299455535,0.658288466633315,0.68697247706422,0.983861060329068
"EPHB3","x",8,0,0,0.825,1.053,1.297,0.399692875328513,0.534794233289646,0.995085299455535,0.154382840387411,0.295475753604194,0.974341463414634
"RIOK2","p",8,0,0,0.746,0.975,1.362,0.399880974534686,0.535114023591088,0.995085299455535,0.211512860392197,0.354138925294889,0.974341463414634
"CDK11B","x",8,0,0,0.823,0.9725,1.458,0.402713611701859,0.538034076015727,0.995085299455535,0.185671192312625,0.329577981651376,0.974341463414634
"HSPB8","x",8,0,0,0.809,1.045,1.2,0.403719681957544,0.538982961992136,0.995085299455535,0.768750344595835,0.770684141546527,0.984694805194805
"FLT1","x",8,0,0,0.798,1.0075,1.354,0.406735305581786,0.541766710353866,0.995085299455535,0.297714050196009,0.435276539973788,0.974341463414634
"TESK2","x",8,0,0,0.824,0.8975,1.197,0.408241635178523,0.543339449541284,0.995085299455535,0.777912777111916,0.778909567496723,0.984694805194805
"BMP2K","x",8,0,0,0.749,0.9835,1.341,0.40972381488867,0.544712975098296,0.995085299455535,0.408093218711547,0.544047182175623,0.981518304431599
"N4BP2","x",8,0,0,0.83,0.925,1.125,0.410248504770303,0.545064220183486,0.995085299455535,1,1,1
"IRAK4","x",8,0,0,0.821,0.9905,1.362,0.414256733425285,0.547465268676278,0.995085299455535,0.366026395035259,0.501577981651376,0.976916030534351
"AK8","x",8,0,0,0.75,1.021,1.334,0.416206962297003,0.548849279161206,0.995085299455535,0.086306828511732,0.187402359108781,0.974341463414634
"MPP3","x",8,0,0,0.806,1.0005,1.098,0.416758048010201,0.549137614678899,0.995085299455535,1,1,1
"MAPK8","x",8,0,0,0.75,1.053,1.316,0.417012958253662,0.549394495412844,0.995085299455535,0.365739059113689,0.501221494102228,0.976916030534351
"NPR2","x",8,0,0,0.75,1.1655,1.452,0.417817980365333,0.550353866317169,0.995085299455535,0.160708621313063,0.303653997378768,0.974341463414634
"NRK","x",8,0,0,0.751,1,1.342,0.418622029640746,0.551124508519004,0.995085299455535,0.407276443634156,0.54346002621232,0.981518304431599
"PRKACG","x",8,0,0,0.752,0.969,1.365,0.420227213713364,0.552115334207077,0.995085299455535,0.349368325903409,0.484440366972477,0.976916030534351
"TYRO3","x",8,0,0,0.754,0.9665,1.158,0.425814861497709,0.555748361730013,0.995085299455535,1,1,1
"LATS1","x",8,0,0,0.754,0.9625,1.459,0.426609237699403,0.556398427260813,0.995085299455535,0.0904096315086796,0.19426998689384,0.974341463414634
"YES1","x",8,0,0,0.799,0.888,1.668,0.429217997529485,0.557929226736566,0.995085299455535,0.0280638601285729,0.0808178243774574,0.974341463414634
"HIPK3","x",8,0,0,0.756,0.9475,1.384,0.429777134509334,0.558705111402359,0.995085299455535,0.0541327906827596,0.133268676277851,0.974341463414634
"XRCC6BP1","x",8,0,0,0.758,1.1145,1.336,0.439967290090515,0.565394495412844,0.995085299455535,0.122006289612781,0.244849279161206,0.974341463414634
"PIM3","x",8,0,0,0.759,1.067,1.301,0.445388012509113,0.567695937090433,0.995085299455535,0.50345647985358,0.603601572739187,0.981518304431599
"PRKX","x",8,0,0,0.759,1.0415,1.541,0.448464908949112,0.569373525557012,0.995085299455535,0.0916739511631455,0.197163826998689,0.974341463414634
"PIK3C2B","x",8,0,0,0.76,0.9115,1.48,0.450762769082413,0.570773263433814,0.995085299455535,0.153845556134549,0.294878112712975,0.974341463414634
"GALK1","x",8,0,0,0.761,0.992,1.128,0.451526858665801,0.571171690694626,0.995085299455535,1,1,1
"NEK8","x",8,0,0,0.761,1.058,1.251,0.453052247973208,0.571706422018349,0.995085299455535,0.0979951974635176,0.207119266055046,0.974341463414634
"DYRK3","x",8,0,0,0.761,0.9435,1.188,0.45457392393708,0.572293577981651,0.995085299455535,0.799126224894349,0.793258191349934,0.984694805194805
"MARK2","x",8,0,0,0.762,1.0905,1.465,0.456091894308349,0.572917431192661,0.995085299455535,0.0540561816927384,0.133148099606815,0.974341463414634
"PNCK","x",8,0,0,0.763,1.0505,1.218,0.459116749209384,0.574642201834862,0.995085299455535,0.727468067353522,0.736298820445609,0.984694805194805
"IDNK","x",8,0,0,0.763,1.0075,1.422,0.459870659012717,0.57497247706422,0.995085299455535,0.0939581071751524,0.200167758846658,0.974341463414634
"MPP7","x",8,0,0,0.764,0.9705,1.329,0.465122331446435,0.577148099606815,0.995085299455535,0.308460793803018,0.445452162516383,0.974341463414634
"ITPKA","x",8,0,0,0.764,1.0405,1.143,0.465868910991771,0.57740498034076,0.995085299455535,1,1,1
"STK3","x",8,0,0,0.765,1.0075,1.372,0.469588148225053,0.579145478374836,0.995085299455535,0.335947938502908,0.471208387942333,0.974341463414634
"KIT","x",8,0,0,0.765,1.1165,1.446,0.472547202583871,0.580592398427261,0.995085299455535,0.130537320020752,0.258574049803408,0.974341463414634
"PLK1","p",8,0,0,0.793,0.9755,1.237,0.475261284035595,0.581840104849279,0.995085299455535,0.674110174611915,0.697300131061599,0.983861060329068
"RIOK3","x",8,0,0,0.766,1.0025,1.474,0.47549180241721,0.582222804718218,0.995085299455535,0.161625593689208,0.304749672346003,0.974341463414634
"FGGY","x",8,0,0,0.767,0.893,1.139,0.480610252968047,0.584901703800786,0.995085299455535,1,1,1
"TNNI3K","x",8,0,0,0.768,1.0125,1.228,0.484239479342325,0.586684141546527,0.995085299455535,0.697549377527104,0.713394495412844,0.984694805194805
"FASTK","x",8,0,0,0.769,1.0615,1.342,0.487846497047151,0.588456094364351,0.995085299455535,0.228351184757586,0.369457404980341,0.974341463414634
"PRKCD","x",8,0,0,0.769,1.0515,1.203,0.48856524581677,0.588796854521625,0.995085299455535,0.763315281278812,0.765903014416776,0.984694805194805
"CLK1","x",8,0,0,0.77,1.1335,1.651,0.492859233160885,0.590830930537353,0.995085299455535,0.0355969949454583,0.100047182175623,0.974341463414634
"CLK3","x",8,0,0,0.77,1.047,1.226,0.494283534900722,0.591737876802097,0.995085299455535,0.365229696632386,0.500959370904325,0.976916030534351
"CHUK","x",8,0,0,0.772,1.078,1.362,0.501352670696223,0.594988204456094,0.995085299455535,0.360806744174394,0.496319790301442,0.976916030534351
"ICK","x",8,0,0,0.773,1.0465,1.292,0.506249475334135,0.597310615989515,0.995085299455535,0.158571776270688,0.300849279161206,0.974341463414634
"ADCK1","x",8,0,0,0.773,1.1245,1.529,0.506945572532629,0.597698558322412,0.995085299455535,0.00510565869342918,0.0190878112712975,0.974341463414634
"C17orf75","x",8,0,0,0.773,0.998,1.146,0.509721381917105,0.59910878112713,0.995085299455535,1,1,1
"TGFBR1","x",8,0,0,0.773,0.9865,1.191,0.512483507764806,0.600419397116645,0.995085299455535,0.79138883343311,0.78975622542595,0.984694805194805
"MAPK1","x",8,0,0,0.773,0.973,1.081,0.513859457451091,0.601174311926606,0.995085299455535,1,1,1
"ADCK4","x",8,0,0,0.774,1.0455,1.244,0.517284475900059,0.603003931847969,0.995085299455535,0.292601495172827,0.430526867627785,0.974341463414634
"ERBB4","x",8,0,0,0.775,1.0475,1.207,0.519329336104484,0.603963302752294,0.995085299455535,0.754008221085192,0.757997378768021,0.984694805194805
"MST1","x",8,0,0,0.775,1.041,1.465,0.520688361651749,0.604655307994758,0.995085299455535,0.0919810925407832,0.197467889908257,0.974341463414634
"TGFBR3","x",8,0,0,0.776,0.9805,1.092,0.521366612730992,0.605017038007864,0.995085299455535,1,1,1
"HK2","x",8,0,0,0.777,1.0375,1.352,0.525418511664262,0.607229357798165,0.995085299455535,0.300783310761504,0.437882044560944,0.974341463414634
"MPP2","x",8,0,0,0.778,0.9335,1.194,0.528772134400297,0.609205766710354,0.995085299455535,0.785079699326158,0.785226736566186,0.984694805194805
"ILK","x",8,0,0,0.778,1.0595,1.722,0.529440364889085,0.609509829619921,0.995085299455535,0.0179396149866793,0.0553394495412844,0.974341463414634
"IRAK2","x",8,0,0,0.778,0.9865,1.146,0.530774338877626,0.610133682830931,0.995085299455535,1,1,1
"BUB1B","p",8,0,0,0.779,1.0175,1.28,0.534094807532296,0.611758846657929,0.995085299455535,0.56369150510174,0.632602883355177,0.981518304431599
"SPHK2","x",8,0,0,0.78,1.0345,1.424,0.539364800035001,0.614684141546527,0.995085299455535,0.164899972595159,0.308445609436435,0.974341463414634
"TJP2","x",8,0,0,0.781,1.154,1.466,0.543282992097138,0.61656618610747,0.995085299455535,0.0131459884880925,0.0427208387942333,0.974341463414634
"VRK3","x",8,0,0,0.812,1.074,1.452,0.544070431395272,0.61719003931848,0.995085299455535,0.107635575601158,0.222558322411533,0.974341463414634
"STYK1","x",8,0,0,0.781,1.0225,1.258,0.545231128913048,0.617903014416776,0.995085299455535,0.61519891532012,0.661289646133683,0.981518304431599
"NRBP2","x",8,0,0,0.782,1.051,1.178,0.54781733206887,0.619307994757536,0.995085299455535,0.818254759552537,0.794982961992136,0.984694805194805
"PIK3R4","x",8,0,0,0.783,1.071,1.359,0.54910560091908,0.619868938401049,0.995085299455535,0.154241966907795,0.29529750982962,0.974341463414634
"ACVR2B","x",8,0,0,0.784,0.981,1.189,0.555498892796296,0.623302752293578,0.995085299455535,0.796575480324823,0.7921625163827,0.984694805194805
"DGKE","x",8,0,0,0.784,0.957,1.14,0.556133837580154,0.623685452162516,0.995085299455535,1,1,1
"DCLK3","x",8,0,0,0.784,0.9885,1.23,0.556767988612276,0.623942332896461,0.995085299455535,0.69344261322996,0.710474442988205,0.984694805194805
"CERKL","x",8,0,0,0.785,0.979,1.142,0.558033912823253,0.624629095674967,0.995085299455535,1,1,1
"GK","x",8,0,0,0.786,1.0105,1.127,0.561812723728422,0.626500655307995,0.995085299455535,1,1,1
"NUP62","x",8,0,0,0.786,1.051,1.29,0.563066029361005,0.627129750982962,0.995085299455535,0.307948806893382,0.444812581913499,0.974341463414634
"PAK3","x",8,0,0,0.786,0.881,1.214,0.564940106643836,0.628120576671035,0.995085299455535,0.736043806996237,0.743229357798165,0.984694805194805
"PIP5KL1","x",8,0,0,0.787,1.035,1.125,0.566185580540289,0.628770642201835,0.995085299455535,1,1,1
"TEX14","x",8,0,0,0.787,1.0015,1.159,0.570520205846576,0.631145478374836,0.995085299455535,1,1,1
"RBKS","x",8,0,0,0.787,0.982,1.149,0.571136333843125,0.631517693315858,0.995085299455535,1,1,1
"MERTK","x",8,0,0,0.788,1.2365,1.445,0.572980079897541,0.632503276539974,0.995085299455535,0.0034462308683657,0.013132372214941,0.974341463414634
"CARD11","x",8,0,0,0.788,0.9925,1.186,0.575427617155756,0.633913499344692,0.995085299455535,1,1,1
"GK5","x",8,0,0,0.788,1.091,1.357,0.57725520601179,0.634888597640891,0.995085299455535,0.145122796267934,0.281992136304063,0.974341463414634
"DYRK2","x",8,0,0,0.789,1.215,1.37,0.582095165622494,0.637588466579292,0.995085299455535,0.00728419545704356,0.0264482306684142,0.974341463414634
"CDK5","x",8,0,0,0.79,1.0035,1.41,0.588076883427449,0.640938401048493,0.995085299455535,0.0282790174871022,0.0812844036697248,0.974341463414634
"FES","x",8,0,0,0.79,0.9905,1.479,0.59044851059255,0.642290956749672,0.995085299455535,0.0642864406465574,0.150820445609436,0.974341463414634
"SBK2","x",8,0,0,0.791,1.1825,1.24,0.592219381800215,0.643449541284404,0.995085299455535,0.0265744930815308,0.0763302752293578,0.974341463414634
"MAST2","x",8,0,0,0.793,0.958,1.244,0.597491860788759,0.646642201834862,0.995085299455535,0.656771296423631,0.685992136304063,0.983861060329068
"BUB1","x",8,0,0,0.794,0.9805,1.283,0.601551341520897,0.649163826998689,0.995085299455535,0.554863153409265,0.628094364351245,0.981518304431599
"SCYL1","x",8,0,0,0.794,1.0255,1.259,0.60212833287199,0.649509829619921,0.995085299455535,0.614077455744276,0.660733944954128,0.981518304431599
"AK3","x",8,0,0,0.794,1.0365,1.108,0.603280122684084,0.650322411533421,0.995085299455535,1,1,1
"CALM1","x",8,0,0,0.795,0.9835,1.556,0.603854922733273,0.650684141546527,0.995085299455535,0.0857201757726395,0.18662123197903,0.974341463414634
"TRIB3","x",8,0,0,0.795,0.975,1.28,0.605002337083008,0.651328964613368,0.995085299455535,0.254455404135979,0.394353866317169,0.974341463414634
"FYN","x",8,0,0,0.795,1.1315,1.565,0.60557495296743,0.651753604193971,0.995085299455535,0.0809325978412822,0.178794233289646,0.974341463414634
"PIP5K1B","x",8,0,0,0.795,1.0045,1.295,0.606718006109693,0.652372214941022,0.995085299455535,0.525418511664262,0.613792922673657,0.981518304431599
"CAMK4","x",8,0,0,0.795,1.0755,1.371,0.607288444947105,0.652692005242464,0.995085299455535,0.0966901199175205,0.205043250327654,0.974341463414634
"PDGFRL","x",8,0,0,0.796,0.9345,1.444,0.609562967133586,0.653929226736566,0.995085299455535,0.20594998357887,0.348655307994758,0.974341463414634
"DDR1","x",8,0,0,0.796,1.081,1.507,0.612389904215469,0.655706422018349,0.995085299455535,0.124392346181754,0.249137614678899,0.974341463414634
"TYK2","x",8,0,0,0.796,0.999,1.377,0.612953137387531,0.656020969855832,0.995085299455535,0.329602637208134,0.465310615989515,0.974341463414634
"PHKG2","x",8,0,0,0.797,1.0165,1.319,0.617433283048996,0.658851900393185,0.995085299455535,0.459870659012717,0.582825688073395,0.981518304431599
"NEK9","x",8,0,0,0.797,1.162,1.378,0.617990097968195,0.659208387942333,0.995085299455535,0.0223193654431702,0.0658768020969856,0.974341463414634
"PHKA1","x",8,0,0,0.798,0.99,1.336,0.619101600819919,0.659758846657929,0.995085299455535,0.424223219704006,0.56002621231979,0.981518304431599
"MYLK4","x",8,0,0,0.798,0.9845,1.503,0.622419149157364,0.661577981651376,0.995085299455535,0.128981173831285,0.256120576671035,0.974341463414634
"CAMK2D","x",8,0,0,0.798,0.982,1.517,0.622969608616083,0.661923984272608,0.995085299455535,0.0176506616221514,0.0538925294888598,0.974341463414634
"PRKCE","x",8,0,0,0.799,1.01,1.227,0.624616776213206,0.66292005242464,0.995085299455535,0.703842012525553,0.717976408912189,0.984694805194805
"CDKL2","x",8,0,0,0.799,1.0805,1.234,0.627892231896294,0.665069462647444,0.995085299455535,0.682725083473366,0.703035386631717,0.983861060329068
"HIPK4","x",8,0,0,0.8,1.0345,1.199,0.631142652384151,0.666993446920052,0.995085299455535,0.773372073847349,0.774736566186107,0.984694805194805
"CDKL5","x",8,0,0,0.8,1.028,1.545,0.63222059090858,0.667633027522936,0.995085299455535,0.0892965245927403,0.193058977719528,0.974341463414634
"NPR1","x",8,0,0,0.8,0.98,1.381,0.632758525775754,0.667952817824377,0.995085299455535,0.31952424268625,0.456094364351245,0.974341463414634
"PRKACB","x",8,0,0,0.801,1.037,1.219,0.633832330501739,0.668623853211009,0.995085299455535,0.413756113450967,0.549688073394495,0.981518304431599
"SGK1","x",8,0,0,0.801,1.024,1.322,0.637569043653337,0.670867627785059,0.995085299455535,0.403216700089931,0.539412844036697,0.981518304431599
"PRKAR2A","x",8,0,0,0.802,0.9705,1.271,0.638100126561972,0.671197903014417,0.995085299455535,0.261540457826462,0.401011795543906,0.974341463414634
"TAF9","x",8,0,0,0.802,0.998,1.606,0.639160249940428,0.67186369593709,0.995085299455535,0.0206044634255086,0.0620760157273919,0.974341463414634
"MAP4K4","x",8,0,0,0.804,1.072,1.292,0.644420212244883,0.675292267365662,0.995085299455535,0.135351936520122,0.265976408912189,0.974341463414634
"RPS6KL1","x",8,0,0,0.804,1.087,1.477,0.64494249954833,0.675606815203145,0.995085299455535,0.159409139158443,0.301939711664482,0.974341463414634
"TAF1","x",8,0,0,0.804,0.959,1.556,0.647024942337755,0.676912188728703,0.995085299455535,0.0845253317687596,0.184534731323722,0.974341463414634
"SLK","x",8,0,0,0.806,1.1325,1.311,0.654229579009904,0.681829619921363,0.995085299455535,0.128158546609888,0.254731323722149,0.974341463414634
"PAK1","x",8,0,0,0.806,1.114,1.521,0.656264264914548,0.683087811271297,0.995085299455535,0.0454296560483123,0.118280471821756,0.974341463414634
"ARAF","x",8,0,0,0.807,0.9325,1.581,0.659296650410563,0.684943643512451,0.995085299455535,0.0688675568917569,0.158511140235911,0.974341463414634
"ADCK5","x",8,0,0,0.807,1.0035,1.138,0.659799765557548,0.685273918741809,0.995085299455535,1,1,1
"ROS1","x",8,0,0,0.807,0.981,1.093,0.660302230505053,0.68554128440367,0.995085299455535,1,1,1
"PIK3C2G","x",8,0,0,0.807,0.903,1.228,0.660804045973453,0.685903014416776,0.995085299455535,0.699359099181723,0.714626474442988,0.984694805194805
"RIPK1","x",8,0,0,0.808,1.1165,1.583,0.662305602697809,0.687098296199214,0.995085299455535,0.0676534653740853,0.156477064220183,0.974341463414634
"ROR2","x",8,0,0,0.808,0.9775,1.262,0.662804827440252,0.687522935779816,0.995085299455535,0.246888465903541,0.386741808650066,0.974341463414634
"HK1","x",8,0,0,0.808,0.985,1.171,0.663801339979951,0.688167758846658,0.995085299455535,1,1,1
"SPHK1","x",8,0,0,0.808,1.019,1.395,0.666281355867565,0.68970380078637,0.995085299455535,0.283680439053719,0.421960681520315,0.974341463414634
"PRKAR1B","x",8,0,0,0.809,1.012,1.316,0.668253828331174,0.69097247706422,0.995085299455535,0.247895831839461,0.387711664482307,0.974341463414634
"MET","x",8,0,0,0.809,1.079,1.381,0.670705068234426,0.692587155963303,0.995085299455535,0.316752686301606,0.453415465268676,0.974341463414634
"PRKG2","x",8,0,0,0.809,1.0495,1.109,0.67119340987471,0.692917431192661,0.995085299455535,1,1,1
"ALPK1","x",8,0,0,0.81,1.012,1.374,0.673140445501903,0.69426998689384,0.995085299455535,0.333234988005076,0.468529488859764,0.974341463414634
"PRKAB1","x",8,0,0,0.81,1.143,1.253,0.674110174611915,0.694872870249017,0.995085299455535,0.63597170105434,0.673106159895151,0.981988527724665
"HK3","x",8,0,0,0.81,0.954,1.485,0.675560048201993,0.695858453473132,0.995085299455535,0.146002418431502,0.283365661861075,0.974341463414634
"CDK5R1","x",8,0,0,0.811,1.0555,1.325,0.678921157537206,0.698222804718218,0.995085299455535,0.0821705382962772,0.180896461336828,0.974341463414634
"PACSIN1","x",8,0,0,0.811,1.042,1.891,0.679398820070543,0.698526867627785,0.995085299455535,0.00386815544930544,0.0154862385321101,0.974341463414634
"PKN1","x",8,0,0,0.811,1.117,1.525,0.680352280135904,0.699239842726081,0.995085299455535,0.109332227937856,0.225457404980341,0.974341463414634
"FGFR1","x",8,0,0,0.812,1.04,1.286,0.681777818133197,0.700256880733945,0.995085299455535,0.549748530175047,0.625630406290957,0.981518304431599
"EPHA6","x",8,0,0,0.826,1.058,1.399,0.685300740600024,0.688456094364351,0.995085299455535,0.0110748805688339,0.0357483617300131,0.974341463414634
"WNK1","x",8,0,0,0.814,1.0105,1.19,0.686489517801654,0.70348623853211,0.995085299455535,0.794320376119568,0.790878112712975,0.984694805194805
"DGKG","x",8,0,0,0.815,1.058,1.303,0.689751279120054,0.705861074705111,0.995085299455535,0.499241066225817,0.601714285714286,0.981518304431599
"MAP4K3","x",8,0,0,0.815,0.985,1.601,0.690214812468119,0.706117955439056,0.995085299455535,0.059115970738402,0.142474442988204,0.974341463414634
"DSTYK","x",8,0,0,0.815,1.096,1.399,0.690677739720559,0.706442988204456,0.995085299455535,0.235842325606989,0.376277850589777,0.974341463414634
"BRAF","x",8,0,0,0.815,0.9685,1.291,0.692523401352871,0.707701179554391,0.995085299455535,0.536736360815928,0.61927129750983,0.981518304431599
"EXOSC10","x",8,0,0,0.816,1.0395,1.235,0.694816922583762,0.709557011795544,0.995085299455535,0.381495159030437,0.517153342070773,0.981118811881188
"DGKK","n",8,0,0,0.816,1.0105,1.188,0.695273826143242,0.709939711664482,0.995085299455535,1,1,1
"SIK2","x",8,0,0,0.816,1.1455,1.303,0.695730131045837,0.71026998689384,0.995085299455535,0.0376396370472917,0.104073394495413,0.974341463414634
"GLYCTK","x",8,0,0,0.817,0.9725,1.225,0.696640947569578,0.710893840104849,0.995085299455535,0.426234927474766,0.561714285714286,0.981518304431599
"MAP2K4","x",8,0,0,0.817,1.201,1.417,0.697549377527104,0.7116749672346,0.995085299455535,0.0254857862248977,0.0734888597640891,0.974341463414634
"RPS6KA1","x",8,0,0,0.818,0.9835,1.363,0.698002699219573,0.71197378768021,0.995085299455535,0.152864978455871,0.293777195281782,0.974341463414634
"PRPS1","x",8,0,0,0.818,0.985,1.281,0.699359099181723,0.712933158584535,0.995085299455535,0.561184892149615,0.631281782437746,0.981518304431599
"EPHA5","x",8,0,0,0.818,0.991,1.302,0.700260401572828,0.713625163826999,0.995085299455535,0.502054805341152,0.60294626474443,0.981518304431599
"MORN1","x",8,0,0,0.819,1.1365,1.394,0.703396369064619,0.71581127129751,0.995085299455535,0.0409684342157659,0.111066841415465,0.974341463414634
"CDK10","x",8,0,0,0.819,0.994,1.3,0.703842012525553,0.716131061598951,0.995085299455535,0.509028714667143,0.606180865006553,0.981518304431599
"MAST3","x",8,0,0,0.819,1.081,1.427,0.704287069999124,0.716492791612058,0.995085299455535,0.00640002527587756,0.0235229357798165,0.974341463414634
"CDK17","x",8,0,0,0.819,1.0475,1.61,0.705175429625863,0.717090432503277,0.995085299455535,0.021385330009554,0.0634128440366973,0.974341463414634
"CSNK1G2","x",8,0,0,0.819,1.058,1.208,0.705618733098325,0.717415465268676,0.995085299455535,0.377435860105655,0.513074705111402,0.97982
"NEK10","x",8,0,0,0.82,1.035,1.399,0.707386120078297,0.718600262123198,0.995085299455535,0.0908016442167942,0.195543905635649,0.974341463414634
"PPIP5K1","x",8,0,0,0.82,1.121,1.707,0.710019792022388,0.720639580602883,0.996101449275362,0.0204792880962413,0.0618348623853211,0.974341463414634
"SNX16","x",8,0,0,0.821,1.0065,1.262,0.712632699260702,0.722600262123198,0.996893333333333,0.608427151098057,0.65756749672346,0.981518304431599
"CHKB","x",8,0,0,0.822,1.129,1.456,0.715224982279206,0.72472870249017,0.996893333333333,0.186749684080446,0.330710353866317,0.974341463414634
"AK5","x",8,0,0,0.823,1.1555,1.31,0.716513433390972,0.72578243774574,0.996893333333333,0.28443075514709,0.422453473132372,0.974341463414634
"ALPK2","x",8,0,0,0.835,0.9865,1.303,0.717366681820956,0.717273918741809,0.995085299455535,0.22497684443546,0.348833551769332,0.974341463414634
"CDKL3","x",8,0,0,0.825,1.138,1.76,0.728707903436095,0.735365661861075,0.996893333333333,0.0128429780959575,0.0420707732634338,0.974341463414634
"NUAK1","x",8,0,0,0.825,1.1595,1.563,0.729120083924412,0.735669724770642,0.996893333333333,0.0174473997593733,0.0534941022280472,0.974341463414634
"PRKG1","x",8,0,0,0.825,1.022,1.46,0.729942801345178,0.736403669724771,0.996893333333333,0.0953934053361516,0.203077326343381,0.974341463414634
"STK17A","x",8,0,0,0.826,1.187,1.315,0.734023679342298,0.739533420707733,0.996893333333333,0.0246310434926477,0.0718060288335518,0.974341463414634
"NTRK3","x",8,0,0,0.827,0.943,1.57,0.736043806996237,0.741331585845347,0.996893333333333,0.0749172877989718,0.169069462647444,0.974341463414634
"MAP3K3","x",8,0,0,0.828,1.0285,1.44,0.737249428419013,0.742401048492792,0.996893333333333,0.0261243020522238,0.0756435124508519,0.974341463414634
"KALRN","x",8,0,0,0.828,0.9795,1.326,0.738849427017849,0.743575360419397,0.996893333333333,0.44307049380553,0.574175622542595,0.981518304431599
"IP6K3","x",8,0,0,0.828,1.0405,1.287,0.742023868204381,0.746422018348624,0.996893333333333,0.546525843698208,0.624183486238532,0.981518304431599
"MORN2","x",8,0,0,0.829,1.191,1.655,0.742418289352651,0.746741808650066,0.996893333333333,0.0117069081523097,0.0391769331585845,0.974341463414634
"DCK","x",8,0,0,0.829,1.087,1.513,0.743598388691563,0.747779816513761,0.996893333333333,0.12093685709235,0.243653997378768,0.974341463414634
"PRKAR2B","x",8,0,0,0.829,1.1075,1.172,0.743990702451961,0.748120576671035,0.996893333333333,1,1,1
"PRKRA","x",8,0,0,0.829,0.9115,1.259,0.744773754566732,0.748823066841415,0.996893333333333,0.61351565430351,0.660471821756225,0.981518304431599
"CSNK1D","x",8,0,0,0.83,1.025,1.294,0.747497958407915,0.751250327653997,0.996893333333333,0.529440364889085,0.615627785058978,0.981518304431599
"MAGI3","x",8,0,0,0.83,1.093,1.311,0.748657663409885,0.752262123197903,0.996893333333333,0.05868962999818,0.141169069462647,0.974341463414634
"CSNK1G3","x",8,0,0,0.831,1.094,1.508,0.749428208395552,0.753017038007864,0.996893333333333,0.123241839449532,0.247224115334207,0.974341463414634
"LMTK3","x",8,0,0,0.831,1.0295,1.233,0.749812705172257,0.753363040629096,0.996893333333333,0.685082460453739,0.704681520314548,0.983861060329068
"FRK","x",8,0,0,0.831,1.0675,1.31,0.751727455679183,0.755019659239843,0.996893333333333,0.193453156105662,0.336938401048493,0.974341463414634
"RPS6KB1","x",8,0,0,0.831,1.037,1.339,0.752489758045788,0.755669724770642,0.996893333333333,0.412973219815366,0.549211009174312,0.981518304431599
"STK19","x",8,0,0,0.832,1.017,1.178,0.75325001160724,0.756330275229358,0.996893333333333,1,1,1
"PRKAG1","x",8,0,0,0.832,1.0175,1.512,0.754764391192226,0.757530799475754,0.996893333333333,0.122090010187356,0.245452162516383,0.974341463414634
"FN3KRP","x",8,0,0,0.833,0.9965,1.218,0.755518526631866,0.758186107470511,0.996893333333333,0.728295174262231,0.737017038007864,0.984694805194805
"TNK1","x",8,0,0,0.833,0.989,1.297,0.756270632098593,0.758851900393185,0.996893333333333,0.517284475900059,0.609934469200524,0.981518304431599
"BRSK2","x",8,0,0,0.833,1.0955,1.248,0.758514815470746,0.760770642201835,0.996893333333333,0.324849503998918,0.460833551769332,0.974341463414634
"RAF1","x",8,0,0,0.834,1.0295,1.392,0.760371135328119,0.762448230668414,0.996893333333333,0.218420745846083,0.360041939711664,0.974341463414634
"PIM2","x",8,0,0,0.834,0.965,1.395,0.760740897222738,0.762778505897772,0.996893333333333,0.286569063179249,0.424828309305374,0.974341463414634
"TSSK4","x",8,0,0,0.834,1.114,1.333,0.761110159776597,0.763093053735256,0.996893333333333,0.104458111139889,0.217536041939712,0.974341463414634
"MKNK2","x",8,0,0,0.834,0.9855,1.197,0.762582228138228,0.764293577981651,0.996893333333333,0.777566341033387,0.778547837483617,0.984694805194805
"DCAKD","x",8,0,0,0.835,1.012,1.203,0.763315281278812,0.764859764089122,0.996893333333333,0.762949002648756,0.765661861074705,0.984694805194805
"TTN","x",8,0,0,0.835,0.997,1.107,0.764411147631046,0.765887287024902,0.996893333333333,1,1,1
"PCK1","x",8,0,0,0.836,1.0555,1.264,0.767311782085242,0.768571428571429,0.996893333333333,0.598655388486414,0.652089121887287,0.981518304431599
"AATK","x",8,0,0,0.837,1.0445,1.387,0.771249110827348,0.772283093053735,0.996893333333333,0.138705539090364,0.27146002621232,0.974341463414634
"PIP4K2A","x",8,0,0,0.837,1.1345,1.636,0.77231275736043,0.773289646133683,0.996893333333333,0.0262082778020901,0.0757483617300131,0.974341463414634
"CDK11A","x",8,0,0,0.838,1.005,1.427,0.773724219724761,0.774642201834862,0.996893333333333,0.225785524029339,0.367119266055046,0.974341463414634
"RET","x",8,0,0,0.838,0.918,1.326,0.774427075406083,0.775266055045872,0.996893333333333,0.244372264547621,0.384597640891219,0.974341463414634
"STK31","x",8,0,0,0.838,0.9985,1.633,0.77477778632604,0.775633027522936,0.996893333333333,0.0455616783443337,0.119281782437746,0.974341463414634
"PIK3R5","x",8,0,0,0.839,1.063,1.198,0.775827058087992,0.776319790301442,0.996893333333333,0.775128020041989,0.776429882044561,0.984694805194805
"PRKAA1","x",8,0,0,0.839,0.9845,1.409,0.776175863529761,0.776639580602883,0.996893333333333,0.264160043646532,0.403507208387942,0.974341463414634
"ABCC1","x",8,0,0,0.84,0.9775,1.209,0.784405968518339,0.780629095674967,0.996893333333333,0.748271614009119,0.753158584534731,0.984694805194805
"MARK1","x",8,0,0,0.841,1.068,1.486,0.785079699326158,0.780896461336828,0.996893333333333,0.14374987086849,0.279879423328965,0.974341463414634
"PHKA2","x",8,0,0,0.841,0.972,1.362,0.785751587182664,0.781273918741809,0.996893333333333,0.361679288371037,0.497279161205767,0.976916030534351
"ALK","x",8,0,0,0.841,1.1505,1.262,0.788752391721146,0.781971166448231,0.996893333333333,0.0880390252994943,0.189971166448231,0.974341463414634
"TPK1","x",8,0,0,0.842,1.047,1.322,0.791060860750705,0.78292005242464,0.996893333333333,0.451526858665801,0.57845871559633,0.981518304431599
"WEE1","p",8,0,0,0.842,1.0185,1.124,0.792370050266027,0.783239842726081,0.996893333333333,1,1,1
"STRADB","x",8,0,0,0.842,0.9355,1.183,0.793021949109262,0.783554390563565,0.996893333333333,1,1,1
"ADK","x",8,0,0,0.842,0.979,1.342,0.793347226404496,0.783926605504587,0.996893333333333,0.203666309765875,0.34629619921363,0.974341463414634
"AAK1","x",8,0,0,0.84,0.9095,1.313,1,1,1,0.200737990673553,0.3438374836173,0.974341463414634
"ADPGK","x",8,0,0,0.852,1.0175,1.388,1,1,1,0.302746214993507,0.439874180865007,0.974341463414634
"ADRBK1","x",8,0,0,0.946,1.0135,1.176,1,1,1,1,1,1
"AK2","x",8,0,0,0.859,0.989,1.215,1,1,1,0.734428783608845,0.74175622542595,0.984694805194805
"AK4","x",8,0,0,0.857,1.06,1.404,1,1,1,0.0778037598513174,0.173347313237221,0.974341463414634
"AK7","x",8,0,0,0.843,0.9135,1.079,1,1,1,1,1,1
"AKT3","x",8,0,0,0.856,1.047,1.418,1,1,1,0.243164209704524,0.383501965923984,0.974341463414634
"ALDH18A1","x",8,0,0,0.844,1.002,1.134,1,1,1,1,1,1
"AURKC","x",8,0,0,0.976,1.028,1.473,1,1,1,0.162731902026002,0.306076015727392,0.974341463414634
"BCR","x",8,0,0,0.87,1.0815,1.318,1,1,1,0.0401394398501904,0.109252948885976,0.974341463414634
"BLK","x",8,0,0,0.923,1.098,1.468,1,1,1,0.103637722077938,0.216733944954128,0.974341463414634
"BMX","x",8,0,0,0.913,0.989,1.348,1,1,1,0.394073248193009,0.530049803407602,0.981518304431599
"BRSK1","x",8,0,0,0.921,1.004,1.231,1,1,1,0.332018816032554,0.467328964613368,0.974341463414634
"C8orf44","x",8,0,0,0.96,1.1435,1.41,1,1,1,0.0192596257308473,0.0587208387942333,0.974341463414634
"CAMK2G","x",8,0,0,0.858,0.995,1.303,1,1,1,0.495704335286165,0.600173001310616,0.981518304431599
"CAMKV","x",8,0,0,0.934,1.0365,1.591,1,1,1,0.0627832364316736,0.148340760157274,0.974341463414634
"CD2","x",8,0,0,0.868,1.138,1.59,1,1,1,0.0640028758080525,0.150500655307995,0.974341463414634
"CDC42BPA","x",8,0,0,0.967,1.017,1.266,1,1,1,0.2223845442985,0.363821756225426,0.974341463414634
"CDK13","x",8,0,0,0.953,1.0435,1.286,1,1,1,0.54910560091908,0.625279161205767,0.981518304431599
"CDK6","x",8,0,0,0.85,0.965,1.192,1,1,1,0.789414220389004,0.788372214941022,0.984694805194805
"CDKL4","x",8,0,0,0.877,0.928,1.248,1,1,1,0.330482751253053,0.465887287024902,0.974341463414634
"CHEK2","x",8,0,0,0.992,1.0835,1.182,1,1,1,1,1,1
"CKMT1A","x",8,0,0,0.862,1.056,1.101,1,1,1,1,1,1
"CLK2","x",8,0,0,0.843,0.9895,1.108,1,1,1,1,1,1
"CPNE3","x",8,0,0,0.921,0.9725,1.301,1,1,1,0.505552518377423,0.604665792922674,0.981518304431599
"DAPK1","x",8,0,0,0.879,1.001,1.149,1,1,1,1,1,1
"DGKH","x",8,0,0,0.845,1.0875,1.388,1,1,1,0.30085983456219,0.438228047182176,0.974341463414634
"DGKQ","x",8,0,0,0.868,1.0275,1.255,1,1,1,0.114859284372394,0.233279161205767,0.974341463414634
"EPHA1","x",8,0,0,0.851,1.0725,1.353,1,1,1,0.245881601948659,0.385829619921363,0.974341463414634
"EPHA4","x",8,0,0,0.879,1.1095,1.297,1,1,1,0.405730533264488,0.541939711664482,0.981518304431599
"EPHB2","x",8,0,0,0.859,0.967,1.049,1,1,1,1,1,1
"EPHB4","x",8,0,0,0.847,1.094,1.275,1,1,1,0.576037580069874,0.639260812581913,0.981518304431599
"FASTKD3","x",8,0,0,0.925,1.105,1.279,1,1,1,0.30436546473587,0.441342070773263,0.974341463414634
"FASTKD5","x",8,0,0,0.865,1.0715,1.337,1,1,1,0.420227213713364,0.5564875491481,0.981518304431599
"FER","x",8,0,0,0.899,0.9375,1.427,1,1,1,0.224752463416586,0.366154652686763,0.974341463414634
"FGFR2","x",8,0,0,0.86,1.007,1.344,1,1,1,0.403999472940157,0.540031454783748,0.981518304431599
"FGFR3","x",8,0,0,0.863,0.987,1.209,1,1,1,0.749043194673301,0.753803407601573,0.984694805194805
"FLT3","x",8,0,0,0.94,1.046,1.364,1,1,1,0.358182846632694,0.493693315858453,0.976916030534351
"FLT4","x",8,0,0,0.976,1.0545,1.34,1,1,1,0.40972381488867,0.545504587155963,0.981518304431599
"GK2","n",8,0,0,0.951,1.042,1.297,1,1,1,0.313581512376943,0.450123197903014,0.974341463414634
"GRK7","x",8,0,0,0.96,1.067,1.854,1,1,1,0.00515462791122847,0.0202463958060288,0.974341463414634
"GSK3A","x",8,0,0,0.841,1.0135,1.182,1,1,1,1,1,1
"GUCY2D","x",8,0,0,0.943,1.031,1.572,1,1,1,0.0725015353710074,0.165006553079948,0.974341463414634
"GUCY2F","n",8,0,0,0.852,1.011,1.181,1,1,1,1,1,1
"HKDC1","x",8,0,0,0.906,1.0785,1.442,1,1,1,0.166771084005537,0.310521625163827,0.974341463414634
"HUNK","x",8,0,0,0.896,1.0135,1.393,1,1,1,0.291360790408671,0.429336828309305,0.974341463414634
"IGF1R","x",8,0,0,0.841,0.928,1.346,1,1,1,0.399054293267891,0.534961992136304,0.981518304431599
"ITPK1","x",8,0,0,0.944,1.2275,1.53,1,1,1,0.00209941028747059,0.00813106159895151,0.974341463414634
"JAK1","x",8,0,0,0.87,0.965,1.416,1,1,1,0.251223616957762,0.391171690694626,0.974341463414634
"JAK3","x",8,0,0,0.909,0.9685,1.234,1,1,1,0.681777818133197,0.702322411533421,0.983861060329068
"KIAA1804","x",8,0,0,0.862,1.0475,1.482,1,1,1,0.151611117552658,0.2921625163827,0.974341463414634
"KSR1","x",8,0,0,0.887,0.9625,1.589,1,1,1,0.0652211261866901,0.152681520314548,0.974341463414634
"LAMTOR3","x",8,0,0,0.864,1.005,1.253,1,1,1,0.371337780380048,0.507045871559633,0.979432911392405
"LIMK1","x",8,0,0,0.984,1.196,1.451,1,1,1,0.0120832415116533,0.0398060288335518,0.974341463414634
"LMTK2","x",8,0,0,0.885,1.0235,1.305,1,1,1,0.333554725292379,0.468844036697248,0.974341463414634
"LRGUK","x",8,0,0,0.944,1.107,1.287,1,1,1,0.0320559036280248,0.0909619921363041,0.974341463414634
"LRRK1","x",8,0,0,0.873,1.0235,1.32,1,1,1,0.459116749209384,0.582500655307995,0.981518304431599
"LRRK2","x",8,0,0,0.87,1.0175,1.468,1,1,1,0.12609290566427,0.251585845347313,0.974341463414634
"MAP2K2","x",8,0,0,0.842,0.953,1.131,1,1,1,1,1,1
"MAP2K3","x",8,0,0,0.88,1.155,1.599,1,1,1,0.0603397852557222,0.144330275229358,0.974341463414634
"MAP2K6","x",8,0,0,0.854,0.937,1.281,1,1,1,0.560556273603235,0.630988204456094,0.981518304431599
"MAP3K10","x",8,0,0,0.844,1.0875,1.532,1,1,1,0.095229908705153,0.20297247706422,0.974341463414634
"MAP3K11","x",8,0,0,0.899,1.147,1.453,1,1,1,0.0184740841166028,0.0563722149410223,0.974341463414634
"MAP3K12","x",8,0,0,0.867,0.9575,1.311,1,1,1,0.3453227780609,0.480340760157274,0.976127659574468
"MAP3K13","x",8,0,0,0.862,1.0165,1.235,1,1,1,0.678442872410589,0.700089121887287,0.983861060329068
"MAP3K2","x",8,0,0,0.974,1.0755,1.704,1,1,1,0.0217469682091398,0.064959370904325,0.974341463414634
"MAP3K5","x",8,0,0,0.845,0.981,1.072,1,1,1,1,1,1
"MAP3K9","x",8,0,0,0.941,1.12,1.282,1,1,1,0.386055599591627,0.521750982961992,0.981518304431599
"MAP4K2","x",8,0,0,0.874,1.098,1.398,1,1,1,0.279813023618054,0.418165137614679,0.974341463414634
"MAP4K5","x",8,0,0,0.843,0.954,1.24,1,1,1,0.447503445589889,0.576382699868938,0.981518304431599
"MAPK3","x",8,0,0,0.873,1.0525,1.513,1,1,1,0.119782378860565,0.241798165137615,0.974341463414634
"MAPK7","x",8,0,0,0.852,0.9255,2.148,1,1,1,0.00129084290533286,0.00585058977719528,0.974341463414634
"MAPKAPK3","x",8,0,0,0.875,1.1095,1.437,1,1,1,0.0268114466082999,0.0777509829619921,0.974341463414634
"MAPKAPK5","x",8,0,0,0.883,1.0195,1.467,1,1,1,0.173724925885058,0.318102228047182,0.974341463414634
"MAST1","x",8,0,0,0.935,1.1355,1.333,1,1,1,0.0278825280584495,0.0797169069462648,0.974341463414634
"MKNK1","x",8,0,0,0.911,0.965,1.271,1,1,1,0.582696737931324,0.642741808650066,0.981518304431599
"MLKL","x",8,0,0,0.909,0.9885,1.368,1,1,1,0.176674273424231,0.320692005242464,0.974341463414634
"MOK","x",8,0,0,0.854,0.9965,1.394,1,1,1,0.287529670205284,0.425719528178244,0.974341463414634
"MPP1","x",8,0,0,0.885,1.064,1.131,1,1,1,1,1,1
"MPP4","x",8,0,0,0.87,1.0885,1.291,1,1,1,0.535417226930195,0.618699868938401,0.981518304431599
"MPP5","x",8,0,0,0.851,1.015,1.417,1,1,1,0.0672928974619097,0.155439056356488,0.974341463414634
"MYLK","x",8,0,0,0.873,0.9615,1.41,1,1,1,0.260200598072773,0.399826998689384,0.974341463414634
"MYLK2","x",8,0,0,0.85,1.0075,1.365,1,1,1,0.352023735953302,0.487496723460026,0.976916030534351
"MYT1","x",8,0,0,0.882,1.0495,1.149,1,1,1,1,1,1
"NADK2","x",8,0,0,0.871,1.075,1.514,1,1,1,0.118626574186983,0.239853211009174,0.974341463414634
"NEK11","x",8,0,0,0.871,1.037,1.26,1,1,1,0.612953137387531,0.660089121887287,0.981518304431599
"NEK3","x",8,0,0,0.887,1.321,1.65,1,1,1,0.000316145424852003,0.00131061598951507,0.974341463414634
"NIM1K","x",8,0,0,0.933,1.1275,1.277,1,1,1,0.175432102137043,0.319737876802097,0.974341463414634
"NME3","x",8,0,0,0.883,1.083,1.52,1,1,1,0.115151188449219,0.234322411533421,0.974341463414634
"NME5","x",8,0,0,0.874,1.1045,1.361,1,1,1,0.366892700964429,0.502537352555701,0.976916030534351
"NRBP1","x",8,0,0,0.882,1.0235,1.24,1,1,1,0.667268871026631,0.692718217562254,0.983861060329068
"NUAK2","x",8,0,0,0.884,0.9715,1.314,1,1,1,0.472547202583871,0.588482306684142,0.981518304431599
"OBSCN","x",8,0,0,0.884,0.936,1.156,1,1,1,1,1,1
"OSR1","x",8,0,0,0.982,1.0315,1.225,1,1,1,0.70782651338167,0.721074705111402,0.984694805194805
"OXSR1","x",8,0,0,0.859,1.087,1.225,1,1,1,0.706503590655019,0.720052424639581,0.984694805194805
"PAN3","x",8,0,0,0.906,1.0265,1.364,1,1,1,0.357306122233899,0.492623853211009,0.976916030534351
"PANK1","x",8,0,0,0.911,1.0625,1.746,1,1,1,0.014119302151164,0.0456199213630406,0.974341463414634
"PANK3","x",8,0,0,0.877,1.071,1.357,1,1,1,0.378060789065061,0.513667103538663,0.97982
"PAPSS2","x",8,0,0,0.917,1.0275,1.428,1,1,1,0.223718196863136,0.365200524246396,0.974341463414634
"PCK2","x",8,0,0,0.927,1.0605,1.185,1,1,1,1,1,1
"PDGFRA","x",8,0,0,0.875,1.0705,1.376,1,1,1,0.323312976795563,0.459732634338139,0.974341463414634
"PEAK1","x",8,0,0,0.975,1.134,1.253,1,1,1,0.0739729598908936,0.167376146788991,0.974341463414634
"PFKFB4","x",8,0,0,0.888,1.086,1.24,1,1,1,0.278312072192496,0.416587155963303,0.974341463414634
"PFKL","x",8,0,0,0.869,0.998,1.41,1,1,1,0.257218792374108,0.39705373525557,0.974341463414634
"PFKP","x",8,0,0,0.872,0.9795,1.263,1,1,1,0.418257389805787,0.554558322411533,0.981518304431599
"PGK2","n",8,0,0,0.883,1.0585,1.346,1,1,1,0.345834064715008,0.48102752293578,0.976127659574468
"PI4KA","x",8,0,0,0.906,1.1295,1.296,1,1,1,0.522044023870936,0.612167758846658,0.981518304431599
"PIK3CG","x",8,0,0,0.848,1.0825,1.458,1,1,1,0.061386869491915,0.145536041939712,0.974341463414634
"PIP4K2C","x",8,0,0,0.858,0.993,1.295,1,1,1,0.267628681731885,0.406484927916121,0.974341463414634
"PIP5K1C","x",8,0,0,0.928,1.075,1.347,1,1,1,0.12473549622093,0.249572739187418,0.974341463414634
"PKDCC","x",8,0,0,0.994,1.2345,1.311,1,1,1,0.00286654376377919,0.0113656618610747,0.974341463414634
"POMK","x",8,0,0,0.938,1.128,1.37,1,1,1,0.0870471350756648,0.188996068152031,0.974341463414634
"PPIP5K2","x",8,0,0,0.895,1.1085,1.637,1,1,1,0.0418355309451993,0.112781127129751,0.974341463414634
"PRKACA","x",8,0,0,0.847,1.058,1.322,1,1,1,0.347878839458037,0.483035386631717,0.976916030534351
"PRKCG","x",8,0,0,0.841,1.005,1.503,1,1,1,0.127835944211458,0.254380078636959,0.974341463414634
"PRKCZ","x",8,0,0,0.854,1.036,1.275,1,1,1,0.576646776079676,0.639585845347313,0.981518304431599
"PRKD3","x",8,0,0,0.84,0.943,1.566,1,1,1,0.0797322814280616,0.17683879423329,0.974341463414634
"PRPS1L1","x",8,0,0,0.901,1.055,1.387,1,1,1,0.303687734015393,0.440828309305374,0.974341463414634
"PRPS2","x",8,0,0,0.841,1.0675,1.211,1,1,1,0.743205548991135,0.748969855832241,0.984694805194805
"PSKH2","n",8,0,0,0.848,0.995,1.32,1,1,1,0.230844325749014,0.371596330275229,0.974341463414634
"PXK","x",8,0,0,0.87,1.027,1.392,1,1,1,0.295173872753172,0.43319003931848,0.974341463414634
"RIPK2","x",8,0,0,0.858,0.93,1,1,1,1,1,1,1
"RPS6KA3","x",8,0,0,0.917,0.985,1.651,1,1,1,0.0203868527915778,0.060786369593709,0.974341463414634
"RPS6KA4","x",8,0,0,0.86,1.061,1.42,1,1,1,0.23910611849737,0.379585845347313,0.974341463414634
"RPS6KA6","x",8,0,0,0.895,1.0485,1.395,1,1,1,0.28464444874934,0.423024901703801,0.974341463414634
"RPS6KC1","x",8,0,0,0.898,1.152,1.343,1,1,1,0.101960274853292,0.213415465268676,0.974341463414634
"RYK","x",8,0,0,0.928,1.0225,1.78,1,1,1,0.0115652084833795,0.0388990825688073,0.974341463414634
"SGK223","x",8,0,0,0.86,0.9475,1.163,1,1,1,1,1,1
"SH3BP4","x",8,0,0,0.866,0.9025,1.288,1,1,1,0.543282992097138,0.622731323722149,0.981518304431599
"SH3BP5","x",8,0,0,0.86,1.0865,1.383,1,1,1,0.102411021568639,0.214694626474443,0.974341463414634
"SHPK","x",8,0,0,0.947,1.116,1.355,1,1,1,0.0381879524693193,0.105798165137615,0.974341463414634
"SIK1","x",8,0,0,0.854,1.0925,1.289,1,1,1,0.141784619432703,0.276796854521625,0.974341463414634
"SRM","x",8,0,0,0.898,1.043,1.328,1,1,1,0.121711228874923,0.244450851900393,0.974341463414634
"SRPK3","x",8,0,0,0.905,0.9725,1.057,1,1,1,1,1,1
"STK10","x",8,0,0,0.881,1.041,1.405,1,1,1,0.269083266831047,0.407900393184797,0.974341463414634
"STK24","x",8,0,0,0.855,1.0375,1.53,1,1,1,0.101129440372975,0.212356487549148,0.974341463414634
"STK26","x",8,0,0,0.96,1.0765,1.379,1,1,1,0.242361645693488,0.382778505897772,0.974341463414634
"STK32A","x",8,0,0,0.869,1.0225,1.298,1,1,1,0.513859457451091,0.608319790301442,0.981518304431599
"STK32C","x",8,0,0,0.957,1.099,1.298,1,1,1,0.514546157142692,0.608576671035387,0.981518304431599
"STK33","x",8,0,0,0.903,1.115,1.306,1,1,1,0.148343180922392,0.287061598951507,0.974341463414634
"SYK","x",8,0,0,0.853,1.0855,1.245,1,1,1,0.412754520631737,0.548854521625164,0.981518304431599
"TAF1L","x",8,0,0,0.915,1.1315,1.349,1,1,1,0.0783695499549742,0.173929226736566,0.974341463414634
"TAOK2","x",8,0,0,0.849,0.991,1.391,1,1,1,0.116578434885182,0.236613368283093,0.974341463414634
"TBK1","x",8,0,0,0.883,1.0225,1.194,1,1,1,0.783052960715251,0.783376146788991,0.984694805194805
"TBRG4","x",8,0,0,0.87,0.9355,1.38,1,1,1,0.18526315336022,0.328901703800786,0.974341463414634
"TEC","x",8,0,0,0.882,0.996,1.306,1,1,1,0.487846497047151,0.59621494102228,0.981518304431599
"TEK","x",8,0,0,0.878,1.044,1.244,1,1,1,0.655756578144684,0.685410222804718,0.983861060329068
"TIE1","x",8,0,0,0.894,1.002,1.159,1,1,1,1,1,1
"TNIK","x",8,0,0,0.887,1.029,1.263,1,1,1,0.600973618146448,0.653342070773263,0.981518304431599
"TNK2","x",8,0,0,0.849,1.051,1.263,1,1,1,0.603854922733273,0.654904325032765,0.981518304431599
"TP53RK","x",8,0,0,0.882,1.015,1.301,1,1,1,0.205133427446219,0.34797378768021,0.974341463414634
"TPD52L3","n",8,0,0,0.882,1.0145,1.47,1,1,1,0.0566844677746695,0.138228047182176,0.974341463414634
"TRIM27","x",8,0,0,0.91,1.0725,1.36,1,1,1,0.369485407086842,0.505158584534731,0.978263959390863
"TRIO","x",8,0,0,0.917,1.0345,1.246,1,1,1,0.316142293318745,0.452786369593709,0.974341463414634
"TRPM7","x",8,0,0,0.87,1.0345,1.177,1,1,1,1,1,1
"TRRAP","p",8,0,0,0.889,0.9875,1.358,1,1,1,0.375498956004053,0.511129750982962,0.97982
"TSSK1B","n",8,0,0,0.839,1.0265,1.288,1,1,1,0.3350904593693,0.470500655307995,0.974341463414634
"TSSK2","n",8,0,0,0.919,1.0305,1.268,1,1,1,0.586290285510186,0.644665792922674,0.981518304431599
"TSSK6","x",8,0,0,0.918,1.0195,1.251,1,1,1,0.362172245062571,0.497588466579292,0.976916030534351
"UCK1","x",8,0,0,0.878,1.0055,1.667,1,1,1,0.0293229465260931,0.084,0.974341463414634
"ULK3","x",8,0,0,0.907,1.0515,1.578,1,1,1,0.0700802648295164,0.160461336828309,0.974341463414634
"VRK2","x",8,0,0,0.844,1.0415,1.335,1,1,1,0.142415738327475,0.277551769331586,0.974341463414634
"WNK3","x",8,0,0,0.916,0.99,1.413,1,1,1,0.100376982364968,0.211140235910878,0.974341463414634
